"";"Rank";"ID";"Symbol";"mean expression";"SD";"max delta e";"min delta e";"correlation";"->t.score";"->p.value";"Metagene";"Chromosome";"Description"
"ENSDARG00000076856";1;"ENSDARG00000076856";"frem2a";8,38152298861454;1,43713151809309;3,1382445869555;-2,30605299649773;0,894055541206545;7,98342063287843;"2.8483354741482e-07      .";"13 x 40";"10 NA";"Fras1 related extracellular matrix protein 2a [Source:ZFIN;Acc:ZDB-GENE-081119-3]"
"ENSDARG00000044212";2;"ENSDARG00000044212";"";5,53117984418753;1,9008131954083;2,96624842774173;-2,60457889354395;0,748015127114622;4,5082764945875;"0.000178686301187447      .";"14 x 40";"19 NA";"zmp:0000001081 [Source:ZFIN;Acc:ZDB-GENE-140106-41]"
"ENSDARG00000009401";3;"ENSDARG00000009401";"vcanb";9,73856278180617;1,28760763242146;2,85157235978465;-1,8645934452323;0,881068422336197;7,45107167692758;"6.88573735363462e-07      .";"15 x 40";"10 NA";"versican b [Source:ZFIN;Acc:ZDB-GENE-030131-2185]"
"ENSDARG00000052061";4;"ENSDARG00000052061";"col4a6";10,1556230018516;1,14493973869314;2,7932113294376;-1,6588509823779;0,835668182793516;6,08605593328305;"7.87486536801829e-06      .";"16 x 40";"7 NA";"collagen, type IV, alpha 6 [Source:ZFIN;Acc:ZDB-GENE-101001-2]"
"ENSDARG00000071095";5;"ENSDARG00000071095";"abi3bpb";8,68210383692321;1,17267358782164;2,78146037755704;-1,46429893347602;0,62272377593206;3,18348949299414;"0.00288729220385031      .";"15 x 40";"22 NA";"ABI family, member 3 (NESH) binding protein b [Source:ZFIN;Acc:ZDB-GENE-030131-6041]"
"ENSDARG00000076309";6;"ENSDARG00000076309";"mxra5b";8,20628743298552;1,50042038389979;2,71739803787518;-3,99912407819539;0,787941573554168;5,11858097497626;"5.15567346901502e-05      .";"15 x 40";"9 NA";"matrix-remodelling associated 5b [Source:ZFIN;Acc:ZDB-GENE-081104-119]"
"ENSDARG00000052063";7;"ENSDARG00000052063";"col4a5";10,793047577171;1,13966228406604;2,65520081187569;-1,66703752708762;0,859732565203777;6,73317176212808;"2.40320271061023e-06      .";"16 x 40";"7 NA";"collagen, type IV, alpha 5 (Alport syndrome) [Source:ZFIN;Acc:ZDB-GENE-030131-2281]"
"ENSDARG00000004658";8;"ENSDARG00000004658";"zgc:101810";5,7275899111428;1,55898232426019;2,61530496396376;-2,43088438319019;0,693764495235686;3,85316652386678;"0.000702953633245351      .";"17 x 40";"7 NA";"zgc:101810 [Source:ZFIN;Acc:ZDB-GENE-041121-7]"
"ENSDARG00000074815";9;"ENSDARG00000074815";"mxra5a";7,81350522741945;1,05427867986567;2,47532086227792;-1,38737794325274;0,846328042578142;6,35545982819565;"4.77119414821203e-06      .";"15 x 40";"1 NA";"matrix-remodelling associated 5a [Source:ZFIN;Acc:ZDB-GENE-090312-22]"
"ENSDARG00000068275";10;"ENSDARG00000068275";"ptx3a";7,60155183710595;1,22476920697997;2,46799572684943;-2,6455437071747;0,858781150439002;6,70474137567495;"2.52879232509606e-06      .";"15 x 40";"18 NA";"pentraxin 3, long a [Source:ZFIN;Acc:ZDB-GENE-030131-8720]"
"ENSDARG00000060597";11;"ENSDARG00000060597";"zgc:158659";7,72733352324878;1,04436406860407;2,4362959896627;-1,51584166785915;0,77579949279726;4,91806453739504;"7.72210611624802e-05      .";"13 x 39";"23 NA";"zgc:158659 [Source:ZFIN;Acc:ZDB-GENE-070112-492]"
"ENSDARG00000007407";12;"ENSDARG00000007407";"barx1";6,71213428959816;1,37584804232009;2,40423384031972;-2,56741832632176;0,750685880881478;4,54507116132183;"0.000165609926609189      .";"15 x 40";"11 NA";"BARX homeobox 1 [Source:ZFIN;Acc:ZDB-GENE-050522-28]"
"ENSDARG00000010408";13;"ENSDARG00000010408";"igsf9b";9,44295912676585;1,06421236748302;2,37285474234202;-1,88332335208329;0,835886892456211;6,09134098393067;"7.7970928911153e-06      .";"13 x 40";"8 NA";"immunoglobulin superfamily, member 9b [Source:ZFIN;Acc:ZDB-GENE-060810-28]"
"ENSDARG00000019601";14;"ENSDARG00000019601";"col12a1b";11,8903580114208;1,27247109158905;2,36980742751829;-1,66196252190199;0,971416238087418;16,3687868154561;"1.02426955805868e-11      .";"13 x 40";"20 NA";"collagen, type XII, alpha 1b [Source:ZFIN;Acc:ZDB-GENE-120215-116]"
"ENSDARG00000054137";15;"ENSDARG00000054137";"adgrg6";7,54865834378242;1,28669528267432;2,35802538331362;-2,98246422076562;0,728582283113195;4,25475416848428;"0.000302578104198759      .";"15 x 40";"20 NA";"adhesion G protein-coupled receptor G6 [Source:ZFIN;Acc:ZDB-GENE-041014-357]"
"ENSDARG00000039133";16;"ENSDARG00000039133";"lamb4";5,91494265553095;1,20564042821467;2,31997678995812;-2,23314276137085;0,54716072173264;2,61477994084262;"0.00938422760538193      .";"17 x 40";"25 NA";"laminin, beta 4 [Source:ZFIN;Acc:ZDB-GENE-021226-2]"
"ENSDARG00000039949";17;"ENSDARG00000039949";"fibina";7,8165211888355;0,971429732185615;2,3062970461317;-1,82566628892474;0,769008847504298;4,81203361396159;"9.57851603401449e-05      .";"15 x 40";"25 NA";"fin bud initiation factor a [Source:ZFIN;Acc:ZDB-GENE-111031-2]"
"ENSDARG00000041417";18;"ENSDARG00000041417";"atp6ap1a";6,81764680439263;0,959686946533688;2,28825197358446;-1,27831288266514;0,868516018842334;7,00895043551938;"1.4746274257238e-06      .";"13 x 39";"23 NA";"ATPase, H+ transporting, lysosomal accessory protein 1a [Source:ZFIN;Acc:ZDB-GENE-090312-136]"
"ENSDARG00000078322";19;"ENSDARG00000078322";"col12a1a";12,37068896233;1,14353137809351;2,25563658962935;-1,33367215801957;0,900703801648313;8,29312964579627;"1.73301419215122e-07      .";"14 x 40";"17 NA";"collagen, type XII, alpha 1a [Source:ZFIN;Acc:ZDB-GENE-090728-1]"
"ENSDARG00000055493";20;"ENSDARG00000055493";"hic1";7,08488882874434;1,25353521738037;2,24703768183814;-2,91991461431622;0,826798023874756;5,87946397047054;"1.16418996825018e-05      .";"14 x 40";"15 NA";"hypermethylated in cancer 1 [Source:ZFIN;Acc:ZDB-GENE-040713-2]"
"ENSDARG00000017676";21;"ENSDARG00000017676";"mmp2";10,4223121485644;1,12026173396756;2,22916289152719;-1,61214534310431;0,861070933939585;6,77362109965908;"2.2356199249618e-06      .";"14 x 40";"7 NA";"matrix metallopeptidase 2 [Source:ZFIN;Acc:ZDB-GENE-030131-9123]"
"ENSDARG00000076299";22;"ENSDARG00000076299";"emilin3";6,94182691797611;1,29518554162115;2,20731730896841;-3,1863027923551;0,821248707589882;5,75738758387232;"1.47068134735973e-05      .";"15 x 40";"23 NA";"elastin microfibril interfacer 3 [Source:HGNC Symbol;Acc:HGNC:16123]"
"ENSDARG00000102626";23;"ENSDARG00000102626";"frem2b";9,53776523598061;0,80935189436997;2,16563181248184;-1,08857535587954;0,788447977040713;5,12727117516231;"5.06672285944809e-05      .";"17 x 40";"15 NA";"Fras1 related extracellular matrix protein 2b [Source:ZFIN;Acc:ZDB-GENE-081119-4]"
"ENSDARG00000104217";24;"ENSDARG00000104217";"";6,26252425582886;1,14030136305126;2,15947979777299;-2,47379373540905;0,770034232771242;4,82778137895835;"9.2761800916108e-05      .";"14 x 40";"14 NA";"glypican 2 [Source:ZFIN;Acc:ZDB-GENE-050302-31]"
"ENSDARG00000036809";25;"ENSDARG00000036809";"si:ch211-106j24.1";7,3402869910302;1,42412997918734;2,15248693486097;-4,08907854010453;0,788995772494183;5,13670271891267;"4.97197001252392e-05      .";"14 x 40";"7 NA";"si:ch211-106j24.1 [Source:ZFIN;Acc:ZDB-GENE-130530-595]"
"ENSDARG00000076120";26;"ENSDARG00000076120";"foxp4";11,0043081536564;1,12660627500559;2,03150680659748;-1,53215635333893;0,965587758780764;14,8507724619435;"4.43798331417611e-11      .";"13 x 40";"11 NA";"forkhead box P4 [Source:ZFIN;Acc:ZDB-GENE-101207-1]"
"ENSDARG00000029177";27;"ENSDARG00000029177";"lnx2a";6,59381923263639;1,08393959455519;2,02140990146043;-1,73602475301991;0,737070536402501;4,36255271411665;"0.000241714712158947      .";"14 x 40";"24 NA";"ligand of numb-protein X 2a [Source:ZFIN;Acc:ZDB-GENE-060228-2]"
"ENSDARG00000104393";28;"ENSDARG00000104393";"npr2";7,62111588224131;1,30284492438718;1,99929859042684;-3,95305996998257;0,699007101943434;3,90990187429883;"0.000623739611886442      .";"13 x 40";"5 NA";"natriuretic peptide receptor 2 [Source:ZFIN;Acc:ZDB-GENE-141030-2]"
"ENSDARG00000061885";29;"ENSDARG00000061885";"satb2";7,28850518199476;1,13376085170267;1,98605754742724;-2,53609117815916;0,775104633831254;4,9070229836942;"7.8968559027448e-05      .";"14 x 39";"9 NA";"SATB homeobox 2 [Source:ZFIN;Acc:ZDB-GENE-070912-212]"
"ENSDARG00000061682";30;"ENSDARG00000061682";"bicc1a";7,76928060890512;1,0205166651588;1,9675992549578;-1,66124379209252;0,853708905386582;6,55752704119052;"3.29788099784345e-06      .";"14 x 40";"17 NA";"BicC family RNA binding protein 1a [Source:ZFIN;Acc:ZDB-GENE-101223-3]"
"ENSDARG00000056530";31;"ENSDARG00000056530";"cpamd8";8,54787105208612;1,11325455991507;1,96406853873528;-1,85787783923138;0,890791101536559;7,84124589506896;"3.59265801108677e-07      .";"14 x 40";"22 NA";"C3 and PZP-like, alpha-2-macroglobulin domain containing 8 [Source:ZFIN;Acc:ZDB-GENE-050208-428]"
"ENSDARG00000036558";32;"ENSDARG00000036558";"col18a1a";11,248239168943;1,00495918210944;1,955315312125;-1,67972230589086;0,813706568697434;5,59945204090655;"1.9957124107739e-05      .";"17 x 40";"9 NA";"collagen type XVIII alpha 1 chain a [Source:ZFIN;Acc:ZDB-GENE-030516-3]"
"ENSDARG00000014670";33;"ENSDARG00000014670";"colgalt2";6,30928624316487;0,922572067784585;1,9482580314999;-1,27003527160707;0,855275411017982;6,60222956303186;"3.04144861673628e-06      .";"15 x 40";"8 NA";"collagen beta(1-O)galactosyltransferase 2 [Source:ZFIN;Acc:ZDB-GENE-070222-1]"
"ENSDARG00000018423";34;"ENSDARG00000018423";"sulf2a";7,7828098138822;1,15191715574067;1,947674549866;-1,6300243604243;0,8613371870216;6,7817325541369;"2.20350692781146e-06      .";"13 x 40";"11 NA";"sulfatase 2a [Source:ZFIN;Acc:ZDB-GENE-040426-759]"
"ENSDARG00000010023";35;"ENSDARG00000010023";"LOC557306";5,61319234649477;0,991214319048398;1,94551155627824;-1,73159200852644;0,784594274228571;5,0618206885732;"5.77759314821513e-05      .";"13 x 40";"10 NA";""
"ENSDARG00000070726";36;"ENSDARG00000070726";"cnga3a";5,29233767048622;1,12305324159047;1,94532498197492;-1,62726852915054;0,763840683259456;4,73402511462446;"0.000112321607286692      .";"15 x 40";"6 NA";"cyclic nucleotide gated channel alpha 3a [Source:ZFIN;Acc:ZDB-GENE-090611-2]"
"ENSDARG00000014626";37;"ENSDARG00000014626";"dlx3b";5,94355506902832;1,35563746684542;1,94448875221155;-2,25967553953869;0,743316512611871;4,44474330591503;"0.000203799149090189      .";"14 x 40";"12 NA";"distal-less homeobox 3b [Source:ZFIN;Acc:ZDB-GENE-980526-280]"
"ENSDARG00000099437";38;"ENSDARG00000099437";"";7,73867990176181;1,02830133679644;1,94139514655207;-1,47591767561285;0,85137719212831;6,49219890773085;"3.7138438859774e-06      .";"16 x 40";"13 NA";"si:ch1073-268j14.1 [Source:ZFIN;Acc:ZDB-GENE-141216-172]"
"ENSDARG00000060610";39;"ENSDARG00000060610";"pcdh7b";8,96987288554921;1,12906165373462;1,93515332000623;-1,89435077008329;0,846752024780187;6,36670270230913;"4.67346643651112e-06      .";"13 x 39";"7 NA";"protocadherin 7b [Source:ZFIN;Acc:ZDB-GENE-081104-299]"
"ENSDARG00000016404";40;"ENSDARG00000016404";"";10,098448024719;1,1136105313443;1,93095156956162;-2,21318249869727;0,894984288100536;8,02500765471487;"2.66262989323529e-07      .";"13 x 40";"8 NA";"patched 1 [Source:ZFIN;Acc:ZDB-GENE-980526-196]"
"ENSDARG00000055900";41;"ENSDARG00000055900";"zswim5";11,0076393266196;0,919819047867577;1,92922285975425;-1,30438240701297;0,929720597512835;10,0983681047387;"1.19834195899671e-08      .";"13 x 40";"2 NA";"zinc finger, SWIM-type containing 5 [Source:ZFIN;Acc:ZDB-GENE-030925-30]"
"ENSDARG00000017369";42;"ENSDARG00000017369";"sema3d";7,58196437430841;0,902196594798615;1,92170636907485;-1,18307028711327;0,832290057804214;6,00562458781835;"9.16315859234018e-06      .";"16 x 40";"18 NA";"sema domain, immunoglobulin domain (Ig), short basic domain, secreted, (semaphorin) 3D [Source:ZFIN;Acc:ZDB-GENE-990715-2]"
"ENSDARG00000056630";43;"ENSDARG00000056630";"angptl5";6,45697743760245;0,931641282640738;1,91167624661343;-2,36753398935049;0,651641220773941;3,43634930416879;"0.00169493401701781      .";"15 x 38";"21 NA";"angiopoietin-like 5 [Source:ZFIN;Acc:ZDB-GENE-030131-5054]"
"ENSDARG00000007560";44;"ENSDARG00000007560";"sema3bl";8,46577786708698;0,93116568596015;1,90648863425297;-1,15711584185897;0,877153525441622;7,30641538335238;"8.8086713923019e-07      .";"14 x 40";"8 NA";"sema domain, immunoglobulin domain (Ig), short basic domain, secreted, (semaphorin) 3bl [Source:ZFIN;Acc:ZDB-GENE-030131-2956]"
"ENSDARG00000007172";45;"ENSDARG00000007172";"";10,4119015931383;1,09095959797892;1,90582510877182;-1,44149376291604;0,9423441447423;11,2637947466646;"2.55987520070278e-09      .";"13 x 40";"8 NA";"plexin A3 [Source:ZFIN;Acc:ZDB-GENE-070613-1]"
"ENSDARG00000074319";46;"ENSDARG00000074319";"sall1a";9,04199418192482;1,08243401646444;1,90531228523385;-1,48395218504283;0,907196084770617;8,62542167793286;"1.03039110910252e-07      .";"13 x 40";"7 NA";"spalt-like transcription factor 1a [Source:ZFIN;Acc:ZDB-GENE-020228-2]"
"ENSDARG00000019949";47;"ENSDARG00000019949";"serpinh1b";10,2549057591122;1,16408102162933;1,89129055533327;-2,18546153289595;0,785432349986545;5,07592216626099;"5.61621246455424e-05      .";"16 x 40";"15 NA";"serpin peptidase inhibitor, clade H (heat shock protein 47), member 1b [Source:ZFIN;Acc:ZDB-GENE-990415-93]"
"ENSDARG00000037383";48;"ENSDARG00000037383";"pax5";5,18727791917243;1,05175738765751;1,88222823602135;-1,39995701232405;0,772957651756664;4,8731869884253;"8.45807850325953e-05      .";"13 x 40";"1 NA";"paired box 5 [Source:ZFIN;Acc:ZDB-GENE-001030-2]"
"ENSDARG00000090624";49;"ENSDARG00000090624";"";8,07850228389966;1,09650720182447;1,87414578957257;-1,88180763870719;0,841558121647559;6,23184152322033;"5.99718758975687e-06      .";"13 x 39";"7 NA";"adhesion G protein-coupled receptor L3 [Source:HGNC Symbol;Acc:HGNC:20974]"
"ENSDARG00000077121";50;"ENSDARG00000077121";"cyp26b1";9,6247013328391;1,05136644730892;1,8721842603015;-1,55310909201801;0,898269398409538;8,17639504470828;"2.0870069639134e-07      .";"15 x 40";"7 NA";"cytochrome P450, family 26, subfamily b, polypeptide 1 [Source:ZFIN;Acc:ZDB-GENE-030131-2908]"
"ENSDARG00000092945";51;"ENSDARG00000092945";"";4,01640534398819;0,950188357396197;1,8480287901256;-0,909110876019546;0,653481084809705;3,45326513589449;"0.00163547228755023      .";"14 x 37";"19 NA";"si:ch211-250g4.3 [Source:ZFIN;Acc:ZDB-GENE-060503-506]"
"ENSDARG00000100791";52;"ENSDARG00000100791";"tril";6,25060598866759;0,91575576830438;1,84398578933756;-2,18757237663527;0,705137732143518;3,97781528956075;"0.000540656041431831      .";"14 x 37";"19 NA";"TLR4 interactor with leucine-rich repeats [Source:ZFIN;Acc:ZDB-GENE-131218-1]"
"ENSDARG00000038609";53;"ENSDARG00000038609";"mpz";4,60332271897891;0,860512540034764;1,84048485828528;-1,03591538661499;0,722686352248031;4,18235714878894;"0.000352000122016305      .";"14 x 37";"2 NA";"myelin protein zero [Source:ZFIN;Acc:ZDB-GENE-010724-4]"
"ENSDARG00000060397";54;"ENSDARG00000060397";"hhip";9,09434116792513;1,19813987542082;1,83871429419747;-1,93119296021919;0,880896493670264;7,44457913395396;"6.96185902482327e-07      .";"14 x 40";"1 NA";"hedgehog interacting protein [Source:ZFIN;Acc:ZDB-GENE-030131-4827]"
"ENSDARG00000076895";55;"ENSDARG00000076895";"flrt3";9,47365021086933;1,09829430401384;1,83223642362492;-1,67868765358368;0,848959805670243;6,42594667470715;"4.19181021871218e-06      .";"13 x 40";"13 NA";"fibronectin leucine rich transmembrane 3 [Source:ZFIN;Acc:ZDB-GENE-030131-1988]"
"ENSDARG00000058115";56;"ENSDARG00000058115";"fgfr2";10,8446318148573;1,01216928161455;1,83034952004227;-1,61461583709097;0,935053464390786;10,5504736129721;"6.48357978416669e-09      .";"14 x 40";"13 NA";"fibroblast growth factor receptor 2 [Source:ZFIN;Acc:ZDB-GENE-030323-1]"
"ENSDARG00000029179";57;"ENSDARG00000029179";"foxd1";5,72627748001596;1,01181934831091;1,82213989906023;-1,87815117104022;0,772701563746104;4,86917904829191;"8.52721535689049e-05      .";"17 x 40";"5 NA";"forkhead box D1 [Source:ZFIN;Acc:ZDB-GENE-040426-2094]"
"ENSDARG00000070162";58;"ENSDARG00000070162";"stox2a";9,61395440232434;0,87885784806509;1,80968189840707;-1,68560681292304;0,750825005228247;4,54700173506532;"0.000164951435248861      .";"13 x 38";"1 NA";"storkhead box 2a [Source:ZFIN;Acc:ZDB-GENE-090313-101]"
"ENSDARG00000070145";59;"ENSDARG00000070145";"magi1a";9,56058011147023;1,00949199758973;1,80603045375358;-1,27858993809587;0,941375336183462;11,1616363884484;"2.91590540602016e-09      .";"13 x 40";"8 NA";"membrane associated guanylate kinase, WW and PDZ domain containing 1a [Source:ZFIN;Acc:ZDB-GENE-081105-13]"
"ENSDARG00000099572";60;"ENSDARG00000099572";"hmgn2";12,2837275753882;0,831220792383282;1,79718055598526;-1,25651095914557;0,815440280716279;5,63498426831089;"1.86271520496994e-05      .";"16 x 40";"16 NA";"high mobility group nucleosomal binding domain 2 [Source:ZFIN;Acc:ZDB-GENE-051030-81]"
"ENSDARG00000073721";61;"ENSDARG00000073721";"smarcad1b";7,99701201182765;0,915137257673926;1,79309693017151;-1,66566601694477;0,776966071495753;4,93670312237225;"7.43607706465976e-05      .";"13 x 39";"10 NA";"SWI/SNF-related, matrix-associated actin-dependent regulator of chromatin, subfamily a, containing DEAD/H box 1 b [Source:ZFIN;Acc:ZDB-GENE-091113-61]"
"ENSDARG00000025348";62;"ENSDARG00000025348";"igfbp5b";9,28506921991714;0,962743856714726;1,79266647750477;-1,33720138157624;0,80996457910593;5,52425480178871;"2.31057149473468e-05      .";"15 x 40";"9 NA";"insulin-like growth factor binding protein 5b [Source:ZFIN;Acc:ZDB-GENE-040319-2]"
"ENSDARG00000044695";63;"ENSDARG00000044695";"ccdc80l2";8,03204722833141;1,02444283746039;1,78696947212186;-1,63484868799385;0,873811791094206;7,18795782558497;"1.07994620890395e-06      .";"14 x 40";"21 NA";"coiled-coil domain containing 80 like 2 [Source:ZFIN;Acc:ZDB-GENE-091118-63]"
"ENSDARG00000033599";64;"ENSDARG00000033599";"zgc:100906";5,90249751101968;0,995334735464744;1,78552848294659;-2,03033182871457;0,656343450361067;3,47979481807193;"0.00154637298740234      .";"17 x 40";"19 NA";"zgc:100906 [Source:ZFIN;Acc:ZDB-GENE-040801-20]"
"ENSDARG00000079850";65;"ENSDARG00000079850";"dchs1b";10,000655013892;1,11422614981584;1,77332881521206;-1,59596203113342;0,925495612292197;9,77399615473557;"1.88594124761465e-08      .";"13 x 40";"10 NA";"dachsous cadherin-related 1b [Source:ZFIN;Acc:ZDB-GENE-050208-41]"
"ENSDARG00000059897";66;"ENSDARG00000059897";"ntrk2a";7,74193264824755;0,914374694853009;1,76709837950814;-1,13382224507866;0,768634987931713;4,80631458234487;"9.69079900572378e-05      .";"13 x 38";"8 NA";"neurotrophic tyrosine kinase, receptor, type 2a [Source:ZFIN;Acc:ZDB-GENE-010126-1]"
"ENSDARG00000004246";67;"ENSDARG00000004246";"slit2";9,29337674745797;0,890729792729914;1,76400189573263;-1,36946076156731;0,848335423449242;6,40907157057921;"4.32350043655383e-06      .";"15 x 40";"1 NA";"slit homolog 2 (Drosophila) [Source:ZFIN;Acc:ZDB-GENE-010306-3]"
"ENSDARG00000075625";68;"ENSDARG00000075625";"lrig1";9,64282002168834;1,07701620513013;1,76164224356199;-2,01010387288964;0,89025369848009;7,81841615288157;"3.7300161204179e-07      .";"13 x 40";"11 NA";"leucine-rich repeats and immunoglobulin-like domains 1 [Source:ZFIN;Acc:ZDB-GENE-031113-23]"
"ENSDARG00000004782";69;"ENSDARG00000004782";"fgfr3";9,71721468348978;0,91906701407077;1,75607503439785;-1,50872457559619;0,846241869936784;6,35317997564592;"4.7912695354535e-06      .";"16 x 40";"13 NA";"fibroblast growth factor receptor 3 [Source:ZFIN;Acc:ZDB-GENE-000816-1]"
"ENSDARG00000040926";70;"ENSDARG00000040926";"nr2f2";9,42496567738234;1,24606469947439;1,75566227112156;-1,71754040296318;0,927446316321598;9,92037051559037;"1.53485226750405e-08      .";"13 x 40";"18 NA";"nuclear receptor subfamily 2, group F, member 2 [Source:ZFIN;Acc:ZDB-GENE-990415-252]"
"ENSDARG00000058133";71;"ENSDARG00000058133";"foxd2";5,99151632136844;1,19006938174292;1,7444780430024;-2,46666144001228;0,749352575561241;4,52663938867833;"0.000172033534840521      .";"15 x 40";"8 NA";"forkhead box D2 [Source:ZFIN;Acc:ZDB-GENE-980605-6]"
"ENSDARG00000074869";72;"ENSDARG00000074869";"";6,78330022600958;0,894904259121049;1,73724420837092;-1,28351244775439;0,781447341608256;5,0095090784069;"6.41911930757688e-05      .";"15 x 39";"13 NA";"si:ch1073-291c23.2 [Source:ZFIN;Acc:ZDB-GENE-081107-2]"
"ENSDARG00000013343";73;"ENSDARG00000013343";"kif26ba";9,15130010105543;0,943115401536342;1,73711083744124;-1,34191180314386;0,825917601298098;5,85974469059719;"1.20881545420115e-05      .";"13 x 38";"17 NA";"kinesin family member 26Ba [Source:ZFIN;Acc:ZDB-GENE-070521-4]"
"ENSDARG00000077403";74;"ENSDARG00000077403";"col8a1a";5,82281626470193;1,10027003262659;1,73495862397731;-1,86477603512929;0,861822571350486;6,79657567268902;"2.14598301351288e-06      .";"15 x 40";"9 NA";"collagen, type VIII, alpha 1a [Source:ZFIN;Acc:ZDB-GENE-070912-274]"
"ENSDARG00000056499";75;"ENSDARG00000056499";"ca6";8,27423502637503;1,01435808669476;1,73172032627764;-1,75023523445592;0,833019914944007;6,02281391106742;"8.87054642240148e-06      .";"16 x 40";"23 NA";"carbonic anhydrase VI [Source:ZFIN;Acc:ZDB-GENE-030131-7091]"
"ENSDARG00000056502";76;"ENSDARG00000056502";"si:ch73-334d15.4";4,93012244619738;0,91445158362229;1,73162208568371;-1,29329732497963;0,747153637188418;4,496514545416;"0.000183085012941842      .";"14 x 38";"24 NA";"si:ch73-334d15.4 [Source:ZFIN;Acc:ZDB-GENE-091204-184]"
"ENSDARG00000003680";77;"ENSDARG00000003680";"runx1t1";9,79961514426245;1,03200325826363;1,73005622918374;-1,47404724253277;0,838407593274132;6,15295610817263;"6.94707257187233e-06      .";"13 x 39";"19 NA";"runt-related transcription factor 1; translocated to, 1 (cyclin D-related) [Source:ZFIN;Acc:ZDB-GENE-060929-164]"
"ENSDARG00000076757";78;"ENSDARG00000076757";"ephb1";7,06928461452117;1,01003594628126;1,72004895331875;-1,21091340814658;0,884925018696549;7,60026909331775;"5.35664142820025e-07      .";"13 x 40";"2 NA";"EPH receptor B1 [Source:ZFIN;Acc:ZDB-GENE-070912-219]"
"ENSDARG00000091726";79;"ENSDARG00000091726";"aebp1";7,70689752529485;0,991636320265564;1,71477220319386;-2,25551076997144;0,809459692726188;5,51426117368588;"2.3561259109961e-05      .";"13 x 39";"10 NA";"AE binding protein 1 [Source:ZFIN;Acc:ZDB-GENE-030131-2390]"
"ENSDARG00000023694";80;"ENSDARG00000023694";"";8,58567158167014;1,02330926046032;1,7145266428986;-1,3120323657632;0,907250071873872;8,6283229460183;"1.02578463057057e-07      .";"15 x 40";"25 NA";"spondin 1b [Source:ZFIN;Acc:ZDB-GENE-000427-10]"
"ENSDARG00000076371";81;"ENSDARG00000076371";"shroom2b";6,53951258519048;0,908823517892226;1,71301835013655;-2,52692330062454;0,666681818991919;3,57785513663039;"0.00125706221249633      .";"14 x 37";"11 NA";""
"ENSDARG00000104267";82;"ENSDARG00000104267";"postnb";12,4858911444102;1,04074661307859;1,71244343508582;-2,04165844175978;0,916249295331846;9,14857401426277;"4.66734497717169e-08      .";"14 x 40";"15 NA";"periostin, osteoblast specific factor b [Source:ZFIN;Acc:ZDB-GENE-030131-9120]"
"ENSDARG00000102824";83;"ENSDARG00000102824";"pcdh10b";9,35623175669542;0,983426503961341;1,70798163894661;-1,60661063291743;0,916681136512591;9,17554105708491;"4.48448905787657e-08      .";"13 x 40";"14 NA";"protocadherin 10b [Source:ZFIN;Acc:ZDB-GENE-030721-4]"
"ENSDARG00000094128";84;"ENSDARG00000094128";"";5,48490967409113;1,00920481172719;1,70130474946273;-1,55513610110739;0,597700221887652;2,98209080830106;"0.00440106943087204      .";"17 x 40";"5 NA";""
"ENSDARG00000068460";85;"ENSDARG00000068460";"";6,42422494684371;1,0632263258882;1,70066077802945;-2,61646804871501;0,66167851396981;3,52995144591547;"0.0013909338263266      .";"17 x 40";"7 NA";"otogelin [Source:ZFIN;Acc:ZDB-GENE-120228-1]"
"ENSDARG00000077826";86;"ENSDARG00000077826";"efcc1";6,93260201248071;1,20937810222917;1,69930471325154;-2,807209964372;0,812102263005499;5,56696621787565;"2.12590547701286e-05      .";"13 x 40";"11 NA";"EF-hand and coiled-coil domain containing 1 [Source:ZFIN;Acc:ZDB-GENE-120813-3]"
"ENSDARG00000079363";87;"ENSDARG00000079363";"";8,96061146395732;0,966979697858137;1,69839196892469;-1,72473456476844;0,855430107401078;6,60668033403201;"3.01708027272696e-06      .";"15 x 40";"15 NA";"leucine-rich repeats and immunoglobulin-like domains 3 [Source:ZFIN;Acc:ZDB-GENE-130530-866]"
"ENSDARG00000004932";88;"ENSDARG00000004932";"anos1b";7,59813370055173;1,13589461732447;1,69747094637639;-1,79889419470322;0,661889967110595;3,53195878822538;"0.00138504834149766      .";"13 x 38";"22 NA";"anosmin 1b [Source:ZFIN;Acc:ZDB-GENE-000201-13]"
"ENSDARG00000074366";89;"ENSDARG00000074366";"";7,44862218454435;0,885014055523575;1,69576282348411;-1,31240664041996;0,765919765881906;4,76513724134925;"0.000105401176569098      .";"13 x 40";"2 NA";"si:ch1073-186i23.1 [Source:ZFIN;Acc:ZDB-GENE-080917-28]"
"ENSDARG00000061173";90;"ENSDARG00000061173";"st14a";7,28052528461084;0,898050960575792;1,69272509739028;-1,3549383117851;0,734942441332687;4,33511563792289;"0.000255912634872901      .";"17 x 40";"18 NA";"suppression of tumorigenicity 14 (colon carcinoma) a [Source:ZFIN;Acc:ZDB-GENE-030131-6496]"
"ENSDARG00000103862";91;"ENSDARG00000103862";"hoxa3a";8,54398858866992;0,841699013133107;1,69027866384754;-1,49139130773884;0,854212938559337;6,57183788893257;"3.21342261200286e-06      .";"16 x 40";"19 NA";"homeobox A4a [Source:ZFIN;Acc:ZDB-GENE-000823-4]"
"ENSDARG00000044954";92;"ENSDARG00000044954";"slit1a";9,96735691786708;1,00370996653814;1,68951425081666;-1,56824830941667;0,956267405967623;13,0774363747383;"2.93173707532901e-10      .";"14 x 40";"13 NA";"slit homolog 1a (Drosophila) [Source:ZFIN;Acc:ZDB-GENE-030722-3]"
"ENSDARG00000099069";93;"ENSDARG00000099069";"bsk146";5,93845778345632;0,964537965630518;1,66969112920308;-2,18330294679321;0,745731843574825;4,47721474773068;"0.00019054356064574      .";"13 x 38";"12 NA";"brain specific kinase 146 [Source:ZFIN;Acc:ZDB-GENE-060313-3]"
"ENSDARG00000077906";94;"ENSDARG00000077906";"rnf165a";8,03473509910442;1,0386455983947;1,66791999577242;-2,30898558298305;0,835989796102878;6,09383094758066;"7.76072853647669e-06      .";"13 x 40";"21 NA";"ring finger protein 165a [Source:ZFIN;Acc:ZDB-GENE-091118-64]"
"ENSDARG00000028533";95;"ENSDARG00000028533";"macf1a";13,1000254401681;0,822040446858237;1,6606250406819;-1,19245165888035;0,903783233680068;8,4467598001059;"1.36044552734305e-07      .";"13 x 39";"19 NA";"microtubule-actin crosslinking factor 1a [Source:ZFIN;Acc:ZDB-GENE-030131-3606]"
"ENSDARG00000031382";96;"ENSDARG00000031382";"reep2";6,6619442894503;1,12956849493081;1,64957590255261;-1,75194076022265;0,66626432484327;3,57382502882543;"0.00126781061956327      .";"13 x 38";"14 NA";"receptor accessory protein 2 [Source:ZFIN;Acc:ZDB-GENE-050706-125]"
"ENSDARG00000063416";97;"ENSDARG00000063416";"";9,1477029394957;0,929410708415043;1,6460948102011;-1,85263699540477;0,92540899929338;9,76762537362748;"1.90302336111614e-08      .";"14 x 40";"20 NA";"protein tyrosine phosphatase, receptor type, K [Source:ZFIN;Acc:ZDB-GENE-030131-9834]"
"ENSDARG00000000183";98;"ENSDARG00000000183";"ptpn4b";7,72472915783674;0,911941806143489;1,64562664140369;-1,35742115611404;0,778638133490063;4,96364207162672;"7.041768998306e-05      .";"13 x 40";"22 NA";"protein tyrosine phosphatase, non-receptor type 4b [Source:ZFIN;Acc:ZDB-GENE-030131-6259]"
"ENSDARG00000005479";99;"ENSDARG00000005479";"tenm3";11,5479287965218;1,07107454560368;1,64552530483001;-1,40141412936427;0,939366182434796;10,9574007892622;"3.79373665815308e-09      .";"13 x 40";"1 NA";"teneurin transmembrane protein 3 [Source:ZFIN;Acc:ZDB-GENE-990714-19]"
"ENSDARG00000061248";100;"ENSDARG00000061248";"xylt1";8,3757008629298;0,915965391352095;1,63960492231328;-1,1702705096449;0,917537866318357;9,22963931087705;"4.14000642656731e-08      .";"13 x 40";"3 NA";"xylosyltransferase I [Source:ZFIN;Acc:ZDB-GENE-111017-2]"
"ENSDARG00000023058";101;"ENSDARG00000023058";"foxo3a";8,88281376803472;0,786269538964461;1,63910183907148;-1,11870891968775;0,856113275809162;6,62641485427055;"2.91145792208347e-06      .";"13 x 38";"17 NA";"forkhead box O3A [Source:ZFIN;Acc:ZDB-GENE-050116-1]"
"ENSDARG00000095580";102;"ENSDARG00000095580";"si:ch211-67e16.11";7,03403240814868;0,788550906123508;1,63211578506935;-1,16117569461177;0,866847994859393;6,95463922996568;"1.62217945454124e-06      .";"16 x 40";"9 NA";"si:ch211-67e16.11 [Source:ZFIN;Acc:ZDB-GENE-030131-7044]"
"ENSDARG00000045006";103;"ENSDARG00000045006";"ptprga";9,70220906413324;0,83471844647216;1,63174073071434;-1,34531490951477;0,889229320092829;7,77533332553029;"4.00443060044609e-07      .";"14 x 39";"11 NA";"protein tyrosine phosphatase, receptor type, g a [Source:ZFIN;Acc:ZDB-GENE-101101-4]"
"ENSDARG00000061758";104;"ENSDARG00000061758";"sh3pxd2ab";7,99342875338322;0,934623434568948;1,62793155981037;-1,84095247271538;0,767504761303536;4,78909819476312;"0.000100370277204109      .";"15 x 40";"17 NA";"SH3 and PX domains 2Ab [Source:ZFIN;Acc:ZDB-GENE-101220-1]"
"ENSDARG00000105223";105;"ENSDARG00000105223";"pmp22a";9,81907811316576;0,75276307148998;1,62340732730063;-1,46591640592087;0,746028909955086;4,48123575209621;"0.000188964453421425      .";"17 x 40";"3 NA";"peripheral myelin protein 22a [Source:ZFIN;Acc:ZDB-GENE-030131-6757]"
"ENSDARG00000060631";106;"ENSDARG00000060631";"si:ch211-182d3.1";7,82824509106656;1,20430364037526;1,61755716447695;-2,82190752702652;0,795628674068236;5,2535415395238;"3.93863755101531e-05      .";"14 x 40";"5 NA";"si:ch211-182d3.1 [Source:ZFIN;Acc:ZDB-GENE-060526-61]"
"ENSDARG00000025641";107;"ENSDARG00000025641";"gli2a";9,598863960514;0,859711473860259;1,61399884596934;-1,60509602596112;0,852574021912101;6,52555257501846;"3.49504677532586e-06      .";"17 x 40";"9 NA";"GLI family zinc finger 2a [Source:ZFIN;Acc:ZDB-GENE-990706-8]"
"ENSDARG00000063578";108;"ENSDARG00000063578";"dgki";7,53568086167741;0,818358420601167;1,61099707093473;-1,06598214690705;0,823669359432421;5,80999767447507;"1.32945168773713e-05      .";"14 x 38";"4 NA";"diacylglycerol kinase iota [Source:HGNC Symbol;Acc:HGNC:2855]"
"ENSDARG00000018066";109;"ENSDARG00000018066";"ptchd1";4,91388520867658;0,79943091560979;1,60955694346098;-0,990896944583881;0,831786372182391;5,99382131138729;"9.3698720047275e-06      .";"14 x 39";"24 NA";"patched domain containing 1 [Source:ZFIN;Acc:ZDB-GENE-061220-1]"
"ENSDARG00000017195";110;"ENSDARG00000017195";"foxf2a";5,84833808147672;0,897454735913513;1,60955447286822;-1,77261374437523;0,763922987996937;4,73524997476814;"0.000112040542974201      .";"15 x 39";"2 NA";"forkhead box F2a [Source:ZFIN;Acc:ZDB-GENE-110407-5]"
"ENSDARG00000053279";111;"ENSDARG00000053279";"apln";8,64274116050918;0,930976789322509;1,60922747669446;-1,86636274593822;0,656471532974629;3,48098807474485;"0.00154248114767186      .";"15 x 38";"14 NA";"apelin [Source:ZFIN;Acc:ZDB-GENE-070521-8]"
"ENSDARG00000017790";112;"ENSDARG00000017790";"chrnb2b";6,22064122633591;0,922958263688054;1,60065956625971;-1,50849223479881;0,770285176950785;4,83164931475202;"9.20342946727493e-05      .";"14 x 39";"16 NA";"cholinergic receptor, nicotinic, beta 2b [Source:ZFIN;Acc:ZDB-GENE-070821-3]"
"ENSDARG00000079570";113;"ENSDARG00000079570";"";6,06736561293555;0,897797192625269;1,59877788854852;-2,02604042412073;0,794457000536329;5,23253949005204;"4.10658723413171e-05      .";"16 x 40";"16 NA";"R-spondin 2 [Source:ZFIN;Acc:ZDB-GENE-060503-667]"
"ENSDARG00000056490";114;"ENSDARG00000056490";"zgc:110158";9,96189451433451;0,902985020661725;1,59872720799681;-1,42559147204684;0,870509423840198;7,07513020099911;"1.31355927845966e-06      .";"13 x 40";"2 NA";"zgc:110158 [Source:ZFIN;Acc:ZDB-GENE-050522-195]"
"ENSDARG00000078459";115;"ENSDARG00000078459";"cux1a";11,2434640451357;0,752378088364668;1,59582186573221;-0,993012641584604;0,841879165769005;6,24000068218557;"5.90696252955603e-06      .";"14 x 38";"10 NA";"cut-like homeobox 1a [Source:ZFIN;Acc:ZDB-GENE-030131-5868]"
"ENSDARG00000074808";116;"ENSDARG00000074808";"megf6b";7,07807082243817;0,952355218858624;1,59481420964606;-1,38623175645644;0,746862658472245;4,49255341543879;"0.00018459113707936      .";"16 x 40";"11 NA";"multiple EGF-like-domains 6b [Source:ZFIN;Acc:ZDB-GENE-101112-3]"
"ENSDARG00000056722";117;"ENSDARG00000056722";"cd99l2";10,7754077414501;0,782780492198103;1,59345531359141;-1,23672136952667;0,872690547211327;7,14919146598714;"1.15488710217271e-06      .";"13 x 38";"7 NA";"CD99 molecule-like 2 [Source:ZFIN;Acc:ZDB-GENE-030131-1986]"
"ENSDARG00000033029";118;"ENSDARG00000033029";"pkd1b";5,89323573651853;1,18220151905912;1,59055599839017;-2,13860913864615;0,712506438599845;4,06180076101959;"0.000453183033400695      .";"17 x 40";"12 NA";"polycystic kidney disease 1b [Source:ZFIN;Acc:ZDB-GENE-100707-2]"
"ENSDARG00000036175";119;"ENSDARG00000036175";"pcdh1b";10,4194322808374;0,875591494568726;1,58671190127022;-1,05072220529649;0,919722106751314;9,37129157151733;"3.3634507845548e-08      .";"13 x 40";"14 NA";"protocadherin 1b [Source:ZFIN;Acc:ZDB-GENE-091015-2]"
"ENSDARG00000010318";120;"ENSDARG00000010318";"srpx";7,41293016101683;1,01491739570956;1,58426184329696;-1,79249561750647;0,711363396742819;4,04859826013876;"0.000465921097385191      .";"16 x 40";"9 NA";"sushi-repeat containing protein, X-linked [Source:ZFIN;Acc:ZDB-GENE-050327-43]"
"ENSDARG00000101215";121;"ENSDARG00000101215";"";5,8583992654421;0,898978059176887;1,58371508182388;-1,69061350901556;0,758585783887381;4,65694910435005;"0.000131542196600831      .";"14 x 38";"2 NA";"SH3-domain GRB2-like (endophilin) interacting protein 1b [Source:ZFIN;Acc:ZDB-GENE-131121-110]"
"ENSDARG00000053956";122;"ENSDARG00000053956";"LOC558044";11,7912820440774;1,01507008072288;1,5823882280422;-1,54184385402765;0,94192511936172;11,2193053334899;"2.70893230069902e-09      .";"13 x 40";"5 NA";"spectrin, beta, non-erythrocytic 2 [Source:ZFIN;Acc:ZDB-GENE-030131-787]"
"ENSDARG00000078979";123;"ENSDARG00000078979";"arhgef40";8,62808418241599;0,797116261123349;1,5823602382006;-1,41333389018315;0,865761434341951;6,91976777546398;"1.72497519246306e-06      .";"16 x 40";"7 NA";"Rho guanine nucleotide exchange factor (GEF) 40 [Source:ZFIN;Acc:ZDB-GENE-110623-2]"
"ENSDARG00000105285";124;"ENSDARG00000105285";"";10,2830992222254;1,11976077424594;1,58161733872913;-2,0820432714611;0,940704310042575;11,0923068877114;"3.18703197166315e-09      .";"13 x 40";"14 NA";""
"ENSDARG00000021789";125;"ENSDARG00000021789";"myoc";7,20339577626742;0,801494907188239;1,57901765209531;-1,65095861071052;0,738945637214971;4,38696328975059;"0.000229757853345225      .";"17 x 40";"20 NA";"myocilin [Source:ZFIN;Acc:ZDB-GENE-050425-2]"
"ENSDARG00000040321";126;"ENSDARG00000040321";"rx2";5,52414014162769;1,10204297188991;1,5784962730137;-1,7651579481074;0,728766979970722;4,25705409538896;"0.000301129085590324      .";"17 x 40";"2 NA";"retinal homeobox gene 2 [Source:ZFIN;Acc:ZDB-GENE-990415-237]"
"ENSDARG00000036687";127;"ENSDARG00000036687";"bcl9";10,5138105397019;1,00559178347193;1,5766519059084;-1,47827372388923;0,882427529383428;7,50286418205979;"6.30881333840705e-07      .";"13 x 40";"1 NA";"B-cell CLL/lymphoma 9 [Source:ZFIN;Acc:ZDB-GENE-090313-135]"
"ENSDARG00000059933";128;"ENSDARG00000059933";"plpp3";10,3702124546369;0,785165644170592;1,57643813163627;-1,27469458642939;0,872117793427082;7,12957254579375;"1.19486519578604e-06      .";"15 x 39";"20 NA";"phospholipid phosphatase 3 [Source:ZFIN;Acc:ZDB-GENE-060526-241]"
"ENSDARG00000103479";129;"ENSDARG00000103479";"ptprfa";8,26984594764635;1,10690060364749;1,57351521718209;-1,83608957293224;0,83770209982736;6,1355795201592;"7.17657015125717e-06      .";"14 x 40";"6 NA";"protein tyrosine phosphatase, receptor type, f, a [Source:ZFIN;Acc:ZDB-GENE-020107-2]"
"ENSDARG00000103802";130;"ENSDARG00000103802";"si:ch73-389b16.2";9,32123572181242;0,959421125293773;1,57074635927672;-1,51762851183359;0,80645952794397;5,45560040032947;"2.64290298163106e-05      .";"13 x 38";"6 NA";"si:ch73-389b16.2 [Source:ZFIN;Acc:ZDB-GENE-050411-113]"
"ENSDARG00000059367";131;"ENSDARG00000059367";"mfap2";9,66459305770392;0,887776781525107;1,56413789450944;-1,32262180564809;0,924220062646229;9,68123791419721;"2.15143955983876e-08      .";"15 x 40";"22 NA";"microfibrillar-associated protein 2 [Source:ZFIN;Acc:ZDB-GENE-030131-6710]"
"ENSDARG00000086104";132;"ENSDARG00000086104";"slco5a1a";8,46989860617901;0,854358810977027;1,56243843151427;-1,4710664210437;0,828067533993611;5,90813873584369;"1.10232351515638e-05      .";"14 x 39";"2 NA";"solute carrier organic anion transporter family member 5A1b [Source:ZFIN;Acc:ZDB-GENE-070912-587]"
"ENSDARG00000075597";133;"ENSDARG00000075597";"flrt1b";6,50902423307707;1,02791093071848;1,55753444676773;-2,2748935545008;0,831076293283443;5,97726298495765;"9.66805190594222e-06      .";"13 x 39";"14 NA";"fibronectin leucine rich transmembrane protein 1b [Source:ZFIN;Acc:ZDB-GENE-080327-6]"
"ENSDARG00000090830";134;"ENSDARG00000090830";"";9,27549399366831;0,995034761825721;1,55466427677452;-1,80558597777425;0,872906192244735;7,15661010230772;"1.14013629415322e-06      .";"16 x 40";"5 NA";"transmembrane protein 132E [Source:ZFIN;Acc:ZDB-GENE-120926-3]"
"ENSDARG00000078270";135;"ENSDARG00000078270";"";9,3242437076892;0,810041563510124;1,54418991187478;-1,39967003455992;0,85235941833046;6,5195444844625;"3.53344487868945e-06      .";"14 x 39";"5 NA";""
"ENSDARG00000059483";136;"ENSDARG00000059483";"tead1b";8,59073142098452;0,99169426603842;1,53475065758334;-2,12490618074222;0,822111280689761;5,77602342846065;"1.41895598810837e-05      .";"15 x 40";"7 NA";"TEA domain family member 1b [Source:ZFIN;Acc:ZDB-GENE-091013-5]"
"ENSDARG00000014522";137;"ENSDARG00000014522";"cdh6";9,23256274134536;1,0860212559265;1,53431065305786;-1,64499277435438;0,870852310689837;7,08665723379432;"1.28743878646809e-06      .";"13 x 40";"2 NA";"cadherin 6 [Source:ZFIN;Acc:ZDB-GENE-050320-92]"
"ENSDARG00000069912";138;"ENSDARG00000069912";"hmga2";10,0862068030488;0,867949979946163;1,52932177031203;-1,54592791018727;0,872656726615784;7,1480295610415;"1.15721536997349e-06      .";"15 x 40";"4 NA";"high mobility group AT-hook 2 [Source:ZFIN;Acc:ZDB-GENE-030131-3148]"
"ENSDARG00000005670";139;"ENSDARG00000005670";"ttbk2a";7,05403354561971;0,879002744328146;1,52867891370595;-1,6120995372232;0,818698434726892;5,70299286281865;"1.63312527601267e-05      .";"13 x 38";"17 NA";"tau tubulin kinase 2a [Source:ZFIN;Acc:ZDB-GENE-120928-3]"
"ENSDARG00000103699";140;"ENSDARG00000103699";"ptpn13";9,67169069595482;0,757887039905528;1,52784963254889;-1,10355221009269;0,893716013571361;7,96834607092406;"2.91896107951217e-07      .";"16 x 40";"21 NA";"protein tyrosine phosphatase, non-receptor type 13 [Source:ZFIN;Acc:ZDB-GENE-070410-72]"
"ENSDARG00000022531";141;"ENSDARG00000022531";"ntn1b";7,83887292385724;0,847103969425481;1,52690934885753;-1,17836210658712;0,833650450376809;6,03774672508093;"8.62422204983559e-06      .";"15 x 40";"3 NA";"netrin 1b [Source:ZFIN;Acc:ZDB-GENE-990415-168]"
"ENSDARG00000074335";142;"ENSDARG00000074335";"boc";10,7241946423911;0,844649880540934;1,52376685724673;-1,21607663818246;0,93564260747992;10,6037181427341;"6.03909877661124e-09      .";"16 x 40";"24 NA";"BOC cell adhesion associated, oncogene regulated [Source:ZFIN;Acc:ZDB-GENE-030131-6560]"
"ENSDARG00000042368";143;"ENSDARG00000042368";"kif26aa";7,79802976971668;0,751118747411481;1,51687113873375;-1,01847267695357;0,856288027013901;6,6314836816581;"2.88495568190328e-06      .";"13 x 38";"20 NA";"kinesin family member 26Aa [Source:ZFIN;Acc:ZDB-GENE-041001-148]"
"ENSDARG00000007996";144;"ENSDARG00000007996";"pou2f1b";9,15145455787466;0,889970506449531;1,51153032567759;-1,01785435545036;0,907454693796103;8,63934124819055;"1.00848645212537e-07      .";"13 x 40";"9 NA";"POU class 2 homeobox 1b [Source:ZFIN;Acc:ZDB-GENE-030131-2422]"
"ENSDARG00000060753";145;"ENSDARG00000060753";"pear1";6,93222414563046;0,897186241092334;1,50922799329901;-1,89399651173915;0,805949143335939;5,4457423377723;"2.69452877563747e-05      .";"15 x 40";"16 NA";"platelet endothelial aggregation receptor 1 [Source:ZFIN;Acc:ZDB-GENE-091230-1]"
"ENSDARG00000077938";146;"ENSDARG00000077938";"cd248b";7,73983791046714;0,839794489380281;1,50908229663262;-1,50527504452002;0,887914797848356;7,72086484745769;"4.38195217333792e-07      .";"15 x 40";"21 NA";"CD248 molecule, endosialin b [Source:ZFIN;Acc:ZDB-GENE-050309-46]"
"ENSDARG00000042115";147;"ENSDARG00000042115";"tmem198a";7,29494414073772;0,877295311262005;1,50839508804266;-1,76702060349519;0,845686645384228;6,33853251758793;"4.92236233640142e-06      .";"15 x 40";"9 NA";"transmembrane protein 198a [Source:ZFIN;Acc:ZDB-GENE-070912-716]"
"ENSDARG00000019235";148;"ENSDARG00000019235";"sema3aa";9,89951148127318;0,819629520329525;1,50618286937486;-1,38598871495286;0,878300561596947;7,34812136208998;"8.20254550504274e-07      .";"14 x 39";"4 NA";"sema domain, immunoglobulin domain (Ig), short basic domain, secreted, (semaphorin) 3Aa [Source:ZFIN;Acc:ZDB-GENE-991209-3]"
"ENSDARG00000018984";149;"ENSDARG00000018984";"eya2";8,48442317514083;0,818933647131095;1,50415413187884;-1,27857306278794;0,786058471533748;5,08650482110714;"5.49815328781955e-05      .";"17 x 40";"6 NA";"EYA transcriptional coactivator and phosphatase 2 [Source:ZFIN;Acc:ZDB-GENE-040912-24]"
"ENSDARG00000076529";150;"ENSDARG00000076529";"mn1a";9,09762557292839;0,918002923856349;1,50241924292854;-1,32114451478063;0,926559100596566;9,85310148058753;"1.68678236933673e-08      .";"13 x 40";"10 NA";"meningioma 1a [Source:ZFIN;Acc:ZDB-GENE-030131-4968]"
"ENSDARG00000060123";151;"ENSDARG00000060123";"ca16b";7,45293669643109;0,939170516416936;1,50003237238169;-1,43031411638787;0,908104329348091;8,67455396691771;"9.55228909305106e-08      .";"13 x 40";"6 NA";"carbonic anhydrase XVI b [Source:ZFIN;Acc:ZDB-GENE-080818-1]"
"ENSDARG00000005232";152;"ENSDARG00000005232";"ccdc85ca";7,81589624540276;0,71256110525149;1,49614625359961;-1,03633915263965;0,792229200356393;5,1930416649145;"4.44272990867134e-05      .";"16 x 38";"17 NA";"coiled-coil domain containing 85C, a [Source:ZFIN;Acc:ZDB-GENE-060825-198]"
"ENSDARG00000076443";153;"ENSDARG00000076443";"";5,78603199383441;0,87851069139502;1,49576072443747;-1,65718709737792;0,819808004811124;5,72653096398483;"1.56066304870528e-05      .";"15 x 39";"7 NA";"si:dkey-183c6.8 [Source:ZFIN;Acc:ZDB-GENE-160728-23]"
"ENSDARG00000041734";154;"ENSDARG00000041734";"tbc1d32";7,27467914875685;0,852895813578349;1,49397911929469;-2,00119522654974;0,77875482824597;4,96553213383621;"7.01492351311561e-05      .";"16 x 40";"20 NA";"TBC1 domain family, member 32 [Source:ZFIN;Acc:ZDB-GENE-061106-5]"
"ENSDARG00000006120";155;"ENSDARG00000006120";"tbx2b";8,62930466798842;0,827069804953387;1,49236304883203;-1,35234651718;0,861259848862977;6,77937420478979;"2.21279365231197e-06      .";"16 x 40";"15 NA";"T-box 2b [Source:ZFIN;Acc:ZDB-GENE-990726-27]"
"ENSDARG00000077590";156;"ENSDARG00000077590";"LOC559800";5,89157838875407;0,875516371619555;1,48939730880195;-1,89683290628755;0,733240249961582;4,31337040590903;"0.000267766195407582      .";"15 x 39";"7 NA";"arylsulfatase family, member J [Source:ZFIN;Acc:ZDB-GENE-111215-1]"
"ENSDARG00000063097";157;"ENSDARG00000063097";"scube1";7,02516631879218;0,788870913103629;1,4833926265808;-1,37931023463159;0,768730810682605;4,8077792600139;"9.66191473876776e-05      .";"15 x 38";"4 NA";"signal peptide, CUB domain, EGF-like 1 [Source:ZFIN;Acc:ZDB-GENE-050302-78]"
"ENSDARG00000099088";158;"ENSDARG00000099088";"edar";5,2064601489634;0,865195089713635;1,48216549689067;-1,44126978761412;0,735362303616361;4,34050660202908;"0.000253057460227191      .";"17 x 40";"9 NA";"ectodysplasin A receptor [Source:ZFIN;Acc:ZDB-GENE-070117-2062]"
"ENSDARG00000016551";159;"ENSDARG00000016551";"iqsec1b";9,31188442790068;0,98633679701066;1,48120542929938;-1,22093648851054;0,940916229959475;11,1140783923498;"3.09913472662515e-09      .";"13 x 40";"11 NA";"IQ motif and Sec7 domain 1b [Source:ZFIN;Acc:ZDB-GENE-120813-1]"
"ENSDARG00000079575";160;"ENSDARG00000079575";"aff3";7,12607750880954;0,814395405100736;1,47632694765434;-1,30902106315749;0,790102721133974;5,15586061850166;"4.78507806367379e-05      .";"16 x 39";"9 NA";"AF4/FMR2 family, member 3 [Source:ZFIN;Acc:ZDB-GENE-030219-193]"
"ENSDARG00000074148";161;"ENSDARG00000074148";"rbpjl";4,32089860657046;0,73598183293215;1,47561645526816;-0,887820708046004;0,823372083860646;5,80348419943278;"1.34614645888043e-05      .";"15 x 39";"6 NA";"recombination signal binding protein for immunoglobulin kappa J region-like [Source:ZFIN;Acc:ZDB-GENE-050307-4]"
"ENSDARG00000030999";162;"ENSDARG00000030999";"mybl1";7,30766753622998;0,787585590297335;1,47449830214052;-1,50365824375526;0,83710161072331;6,12087041162203;"7.37698975383783e-06      .";"15 x 38";"24 NA";"v-myb avian myeloblastosis viral oncogene homolog-like 1 [Source:ZFIN;Acc:ZDB-GENE-041111-281]"
"ENSDARG00000021193";163;"ENSDARG00000021193";"coro1cb";9,40721849965433;0,766037674359309;1,47360942728447;-1,12522832627998;0,842206388753708;6,24834028285143;"5.81619940398515e-06      .";"14 x 39";"5 NA";"coronin, actin binding protein, 1Cb [Source:ZFIN;Acc:ZDB-GENE-030131-418]"
"ENSDARG00000075648";164;"ENSDARG00000075648";"sema5bb";7,69133863608306;0,826495704369836;1,46955358919134;-1,84011177700332;0,856196133393098;6,62881715585649;"2.8988660614182e-06      .";"14 x 39";"6 NA";"sema domain, seven thrombospondin repeats (type 1 and type 1-like), transmembrane domain (TM) and short cytoplasmic domain, (semaphorin) 5Bb [Source:ZFIN;Acc:ZDB-GENE-130530-778]"
"ENSDARG00000062765";165;"ENSDARG00000062765";"whsc1l1";10,8046336476582;0,775852644757293;1,45687172053076;-0,901706848372042;0,919282148018922;9,34231717756404;"3.50880648980478e-08      .";"13 x 38";"10 NA";"Wolf-Hirschhorn syndrome candidate 1-like 1 [Source:ZFIN;Acc:ZDB-GENE-050324-2]"
"ENSDARG00000103697";166;"ENSDARG00000103697";"arnt2";10,2082912006192;0,723944340313956;1,44566142039495;-0,810854810145761;0,903836751789345;8,44949148394774;"1.3546383592633e-07      .";"13 x 38";"7 NA";"aryl-hydrocarbon receptor nuclear translocator 2 [Source:ZFIN;Acc:ZDB-GENE-001207-3]"
"ENSDARG00000079889";167;"ENSDARG00000079889";"phldb2a";9,59100548453418;0,758668897369668;1,44308717623903;-1,14986570583793;0,764619067246373;4,74563127588285;"0.000109687120877444      .";"15 x 38";"10 NA";"pleckstrin homology-like domain, family B, member 2a [Source:ZFIN;Acc:ZDB-GENE-091118-9]"
"ENSDARG00000079712";168;"ENSDARG00000079712";"gal3st4";8,39839998644817;0,687986499451365;1,44139504121055;-1,0680354389618;0,839314320140848;6,17544219616281;"6.66135817506408e-06      .";"16 x 39";"7 NA";"galactose-3-O-sulfotransferase 4 [Source:ZFIN;Acc:ZDB-GENE-080408-1]"
"ENSDARG00000038386";169;"ENSDARG00000038386";"ascl1a";5,71495450414827;0,861442672433175;1,4407730172121;-1,25218856843159;0,719134223542305;4,13966925382052;"0.00038490584712958      .";"17 x 40";"4 NA";"achaete-scute family bHLH transcription factor 1a [Source:ZFIN;Acc:ZDB-GENE-980526-90]"
"ENSDARG00000042690";170;"ENSDARG00000042690";"s1pr1";8,21256950407854;0,965193366262023;1,44039552868146;-2,03734631190652;0,776995520389889;4,93717528486976;"7.42897421577293e-05      .";"14 x 40";"22 NA";"sphingosine-1-phosphate receptor 1 [Source:ZFIN;Acc:ZDB-GENE-001228-2]"
"ENSDARG00000069440";171;"ENSDARG00000069440";"dachd";8,86469123169786;0,928814438802056;1,43908198321872;-1,49626501971427;0,868121593336581;6,99602148029182;"1.50843254809185e-06      .";"13 x 39";"9 NA";"dachshund d [Source:ZFIN;Acc:ZDB-GENE-070427-2]"
"ENSDARG00000092402";172;"ENSDARG00000092402";"";5,21650813408434;0,948524671530169;1,43196805552913;-1,45752594056405;0,823713910407205;5,81097509334619;"1.32696502936902e-05      .";"16 x 40";"18 NA";""
"ENSDARG00000030417";173;"ENSDARG00000030417";"";10,4767036100164;0,665797257412641;1,43087017127131;-1,00024916375797;0,80787867532186;5,48319522324613;"2.5037554823637e-05      .";"16 x 38";"1 NA";"polycystic kidney disease 1a [Source:ZFIN;Acc:ZDB-GENE-100707-1]"
"ENSDARG00000018968";174;"ENSDARG00000018968";"acvr1ba";9,29909853543843;0,647691011655311;1,42245022105246;-1,11783528792588;0,796817163295653;5,27500915996634;"3.77427147343345e-05      .";"16 x 38";"23 NA";"activin A receptor, type IBa [Source:ZFIN;Acc:ZDB-GENE-980526-527]"
"ENSDARG00000093874";175;"ENSDARG00000093874";"";3,70421375198406;0,712354171534898;1,42215336051367;-0,641956153180228;0,849056783039661;6,4285762916577;"4.17166820387838e-06      .";"14 x 37";"13 NA";"si:dkey-196j8.2 [Source:ZFIN;Acc:ZDB-GENE-081107-58]"
"ENSDARG00000074275";176;"ENSDARG00000074275";"limch1a";8,13331075584195;0,759798336466344;1,42142634206358;-1,15770310495829;0,843013880206073;6,26902188653701;"5.59731529170548e-06      .";"15 x 39";"1 NA";"LIM and calponin homology domains 1a [Source:ZFIN;Acc:ZDB-GENE-090312-153]"
"ENSDARG00000058162";177;"ENSDARG00000058162";"pcyt1ba";4,65893212217946;0,648568464692182;1,42059367607037;-0,871992976402445;0,775913310808557;4,91987742017004;"7.69379617096e-05      .";"17 x 39";"24 NA";"phosphate cytidylyltransferase 1, choline, beta a [Source:ZFIN;Acc:ZDB-GENE-061220-4]"
"ENSDARG00000062991";178;"ENSDARG00000062991";"abi1b";7,33162744532694;0,685142516814436;1,41966597824004;-1,10797787138888;0,733071786801683;4,31122789841865;"0.000268963926295496      .";"14 x 37";"2 NA";"abl-interactor 1b [Source:ZFIN;Acc:ZDB-GENE-060929-1182]"
"ENSDARG00000079857";179;"ENSDARG00000079857";"si:ch211-189k9.2";5,78921145273747;0,788349445716267;1,41897563189201;-1,28225976378983;0,846217151121648;6,35252631910028;"4.79704154532357e-06      .";"13 x 39";"17 NA";"si:ch211-189k9.2 [Source:ZFIN;Acc:ZDB-GENE-100405-5]"
"ENSDARG00000052150";180;"ENSDARG00000052150";"pbx4";11,6235753920341;0,852444040403612;1,41824280755298;-1,03748384490073;0,932344350767635;10,314354198392;"8.91326668028825e-09      .";"15 x 40";"3 NA";"pre-B-cell leukemia transcription factor 4 [Source:ZFIN;Acc:ZDB-GENE-000201-18]"
"ENSDARG00000007912";181;"ENSDARG00000007912";"si:ch211-196i2.1";7,14664364982493;0,816241201752233;1,41821950537938;-1,33550932553987;0,695998296644;3,8771933009399;"0.00066823887721279      .";"14 x 37";"21 NA";"si:ch211-196i2.1 [Source:ZFIN;Acc:ZDB-GENE-091204-150]"
"ENSDARG00000002216";182;"ENSDARG00000002216";"tbx3a";7,45778338051682;0,811314596730819;1,41612372607613;-1,24629152512719;0,855996400036896;6,6230295110109;"2.92929931033914e-06      .";"15 x 40";"5 NA";"T-box 3a [Source:ZFIN;Acc:ZDB-GENE-070209-80]"
"ENSDARG00000059801";183;"ENSDARG00000059801";"pdzd2";9,3369782471072;0,872636866254855;1,41142277522134;-1,2167557394735;0,936801596011802;10,7105553712854;"5.24132959256463e-09      .";"14 x 40";"5 NA";"PDZ domain containing 2 [Source:ZFIN;Acc:ZDB-GENE-060526-297]"
"ENSDARG00000070769";184;"ENSDARG00000070769";"foxg1a";7,70024091953332;0,947775501338098;1,41105584184452;-1,29828997458488;0,844313392430096;6,30261359260248;"5.25987002264472e-06      .";"16 x 40";"17 NA";"forkhead box G1a [Source:ZFIN;Acc:ZDB-GENE-990415-267]"
"ENSDARG00000045893";185;"ENSDARG00000045893";"kctd15b";7,72079451850796;0,852449405815535;1,40806063081171;-1,54730394022279;0,839496595932386;6,17998345948861;"6.60515302053355e-06      .";"13 x 39";"25 NA";"potassium channel tetramerization domain containing 15a [Source:ZFIN;Acc:ZDB-GENE-041010-105]"
"ENSDARG00000068191";186;"ENSDARG00000068191";"cdh15";7,08890208627167;0,768488550976701;1,39457585235129;-1,20985681104336;0,797348415303628;5,28465923145546;"3.70270627612079e-05      .";"16 x 40";"7 NA";"cadherin 15, type 1, M-cadherin (myotubule) [Source:ZFIN;Acc:ZDB-GENE-030131-780]"
"ENSDARG00000104082";187;"ENSDARG00000104082";"trps1";9,2487527660715;0,906420165248344;1,39252409058332;-1,73650774930567;0,88243709180051;7,5032315630215;"6.30490665898265e-07      .";"16 x 40";"19 NA";"trichorhinophalangeal syndrome I [Source:ZFIN;Acc:ZDB-GENE-030131-8404]"
"ENSDARG00000011333";188;"ENSDARG00000011333";"arhgap33";9,35553511892475;0,7323476784113;1,39183705253581;-0,903866171495205;0,8697370753371;7,04932108990799;"1.37407052047678e-06      .";"14 x 38";"16 NA";"Rho GTPase activating protein 33 [Source:ZFIN;Acc:ZDB-GENE-121105-12]"
"ENSDARG00000075706";189;"ENSDARG00000075706";"si:ch211-106h4.9";5,68185442216232;0,924598193380953;1,38861868699457;-1,5892364117526;0,65716687075114;3,48747529865917;"0.00152149306008775      .";"14 x 37";"2 NA";"si:ch211-106h4.9 [Source:ZFIN;Acc:ZDB-GENE-070705-17]"
"ENSDARG00000061108";190;"ENSDARG00000061108";"ep300b";11,6551922909705;0,780645305073528;1,3806226692833;-1,16846600186025;0,85241799135037;6,52118311122869;"3.52292893324169e-06      .";"13 x 38";"3 NA";"E1A binding protein p300 b [Source:ZFIN;Acc:ZDB-GENE-080403-15]"
"ENSDARG00000102369";191;"ENSDARG00000102369";"st3gal2";8,24923825278941;0,965499241077698;1,37777276520278;-1,52608725308152;0,856052043143632;6,62464075666303;"2.92079358032993e-06      .";"15 x 40";"18 NA";"ST3 beta-galactoside alpha-2,3-sialyltransferase 2 [Source:ZFIN;Acc:ZDB-GENE-050419-181]"
"ENSDARG00000002601";192;"ENSDARG00000002601";"irx7";6,57460886701788;0,864020863395154;1,3755107771327;-1,98342348017253;0,77170342107995;4,85361364891218;"8.80126412667881e-05      .";"17 x 40";"23 NA";"iroquois homeobox 7 [Source:ZFIN;Acc:ZDB-GENE-020103-1]"
"ENSDARG00000077237";193;"ENSDARG00000077237";"rfx7";7,97410751053821;0,817422698341412;1,37400460141084;-1,24186302919055;0,859497429315406;6,72612055530968;"2.43373192132523e-06      .";"14 x 39";"7 NA";"regulatory factor X, 7 [Source:ZFIN;Acc:ZDB-GENE-100309-3]"
"ENSDARG00000102025";194;"ENSDARG00000102025";"znf644b";7,28689307374277;0,671730860266812;1,37163673347576;-1,27627336979029;0,753996736802189;4,59139474800776;"0.000150525509486688      .";"15 x 37";"6 NA";"zinc finger protein 644b [Source:ZFIN;Acc:ZDB-GENE-120214-23]"
"ENSDARG00000089302";195;"ENSDARG00000089302";"hnrnpa0a";9,8768829090942;0,6891877364226;1,36794048330887;-1,04006886648979;0,869053263962414;7,02664816801056;"1.42963086779968e-06      .";"14 x 38";"14 NA";"heterogeneous nuclear ribonucleoprotein A0a [Source:ZFIN;Acc:ZDB-GENE-030131-2249]"
"ENSDARG00000016934";196;"ENSDARG00000016934";"ttyh2";8,27099114113815;0,803685492462213;1,36103254416061;-1,5590746197839;0,807552175721912;5,47682241202853;"2.5352035884052e-05      .";"16 x 40";"12 NA";"tweety family member 2 [Source:ZFIN;Acc:ZDB-GENE-040718-193]"
"ENSDARG00000007406";197;"ENSDARG00000007406";"phox2a";6,13433257943576;0,760729715257627;1,36099808364389;-1,16922592106961;0,851246149266411;6,48856947478089;"3.7384984541422e-06      .";"15 x 39";"15 NA";"paired-like homeobox 2a [Source:ZFIN;Acc:ZDB-GENE-000223-14]"
"ENSDARG00000078179";198;"ENSDARG00000078179";"fndc3ba";9,94797880766163;0,683493742247627;1,35619321433473;-0,987651541812024;0,921223481871744;9,47191205702194;"2.90595183471964e-08      .";"15 x 38";"2 NA";"fibronectin type III domain containing 3Ba [Source:ZFIN;Acc:ZDB-GENE-070510-1]"
"ENSDARG00000061458";199;"ENSDARG00000061458";"phf14";8,41938304986084;0,733748313536466;1,35571832790033;-1,51367796170674;0,849186368611138;6,43209374039508;"4.14488306210714e-06      .";"14 x 38";"19 NA";"PHD finger protein 14 [Source:ZFIN;Acc:ZDB-GENE-030131-1796]"
"ENSDARG00000062824";200;"ENSDARG00000062824";"alx1";5,00475931562584;0,831942449006053;1,35515073843812;-1,23405623529353;0,665574173599995;3,56717618091837;"0.00128574442812912      .";"16 x 39";"18 NA";"ALX homeobox 1 [Source:ZFIN;Acc:ZDB-GENE-050419-191]"
"ENSDARG00000004537";201;"ENSDARG00000004537";"kmt2a";11,4386233466826;0,782961194186029;1,35059745919054;-1,22220460156474;0,872776447223702;7,15214449771476;"1.14899170944316e-06      .";"13 x 38";"15 NA";"lysine (K)-specific methyltransferase 2A [Source:ZFIN;Acc:ZDB-GENE-080521-3]"
"ENSDARG00000090421";202;"ENSDARG00000090421";"sh2b2";7,15173220282852;0,965482520723666;1,34752419459902;-2,01684897749471;0,759232701401263;4,66631983229007;"0.000129036033780228      .";"13 x 39";"15 NA";"SH2B adaptor protein 2 [Source:HGNC Symbol;Acc:HGNC:17381]"
"ENSDARG00000068582";203;"ENSDARG00000068582";"rnf44";9,25721765278503;0,844981619502544;1,34555261161454;-1,65348664592453;0,77774760915389;4,94926153198248;"7.24951076672697e-05      .";"15 x 38";"14 NA";"ring finger protein 44 [Source:ZFIN;Acc:ZDB-GENE-060929-604]"
"ENSDARG00000101102";204;"ENSDARG00000101102";"tprn";7,42856921951685;0,799174280114452;1,34209477501916;-2,07152727083892;0,782778861038303;5,03152111009651;"6.14068580984117e-05      .";"16 x 40";"5 NA";"taperin [Source:ZFIN;Acc:ZDB-GENE-081104-254]"
"ENSDARG00000077298";205;"ENSDARG00000077298";"gas1a";8,13261143852752;0,789265662519588;1,34047295826295;-1,54846582612312;0,774766754348927;4,90167009671807;"7.98302992883748e-05      .";"16 x 39";"5 NA";"growth arrest-specific 1a [Source:ZFIN;Acc:ZDB-GENE-050302-155]"
"ENSDARG00000054858";206;"ENSDARG00000054858";"tp53bp2b";8,6923028595804;0,662619967080261;1,33722949412277;-1,01136216188896;0,860152094472657;6,74579332833074;"2.34954882727401e-06      .";"15 x 37";"22 NA";"tumor protein p53 binding protein, 2b [Source:ZFIN;Acc:ZDB-GENE-050208-453]"
"ENSDARG00000018721";207;"ENSDARG00000018721";"npnt";7,70018613619407;0,704044855666828;1,3340223193809;-1,03572338996336;0,843220941042678;6,27434868710098;"5.54233818361727e-06      .";"16 x 39";"1 NA";"nephronectin [Source:ZFIN;Acc:ZDB-GENE-090312-201]"
"ENSDARG00000044062";208;"ENSDARG00000044062";"ctbp2a";9,40707958781459;0,943470351928127;1,33258059416064;-1,71876619139226;0,834472068086207;6,05732114218435;"8.31204236462213e-06      .";"15 x 40";"17 NA";"C-terminal binding protein 2a [Source:ZFIN;Acc:ZDB-GENE-010130-2]"
"ENSDARG00000005476";209;"ENSDARG00000005476";"nav3";9,38201595361954;0,933768907768107;1,32006271316434;-1,99307191130841;0,66083922966195;3,52199880154168;"0.00141449717699449      .";"15 x 37";"4 NA";"neuron navigator 3 [Source:ZFIN;Acc:ZDB-GENE-021205-1]"
"ENSDARG00000019969";210;"ENSDARG00000019969";"smarcd3b";9,45488235372419;0,69153574149379;1,31258702544707;-0,904350724377013;0,880521206174946;7,43045278215306;"7.13054061796115e-07      .";"14 x 38";"7 NA";"SWI/SNF related, matrix associated, actin dependent regulator of chromatin, subfamily d, member 3b [Source:ZFIN;Acc:ZDB-GENE-080509-2]"
"ENSDARG00000101766";211;"ENSDARG00000101766";"ptmab";11,7932996475297;0,767047226100201;1,31227943868337;-1,27138404042353;0,890607743917875;7,83343875971706;"3.63902448174969e-07      .";"16 x 40";"KN150442.1 NA";"prothymosin, alpha b [Source:ZFIN;Acc:ZDB-GENE-030131-8681]"
"ENSDARG00000062674";212;"ENSDARG00000062674";"btbd10a";8,91095806300039;0,69191153484315;1,30766452166764;-1,09762764199151;0,870209692526212;7,06508880638899;"1.33676437541475e-06      .";"15 x 38";"25 NA";"BTB (POZ) domain containing 10a [Source:ZFIN;Acc:ZDB-GENE-070410-41]"
"ENSDARG00000042291";213;"ENSDARG00000042291";"dlx6a";4,24191959115453;0,76680973104469;1,30465540288693;-0,789840161998099;0,805450382169606;5,43614226091557;"2.74580513076605e-05      .";"14 x 38";"19 NA";"distal-less homeobox 6a [Source:ZFIN;Acc:ZDB-GENE-980526-448]"
"ENSDARG00000069904";214;"ENSDARG00000069904";"";7,561487819527;0,79208465912038;1,30453530039158;-1,21782479064949;0,793715078877474;5,21932272332616;"4.21604773082063e-05      .";"16 x 40";"23 NA";""
"ENSDARG00000030402";215;"ENSDARG00000030402";"twist1a";7,53875271444326;0,77878879378646;1,30360526280115;-1,47750878982068;0,844572888010743;6,30936755237967;"5.19461689141298e-06      .";"16 x 40";"19 NA";"twist family bHLH transcription factor 1a [Source:ZFIN;Acc:ZDB-GENE-000210-6]"
"ENSDARG00000008767";216;"ENSDARG00000008767";"si:dkey-42p8.3";8,05170081306307;0,790451722089183;1,30132943657154;-1,50183660982122;0,807808397108293;5,48182226618583;"2.51049641932788e-05      .";"14 x 38";"22 NA";"si:dkey-42p8.3 [Source:ZFIN;Acc:ZDB-GENE-050208-677]"
"ENSDARG00000052846";217;"ENSDARG00000052846";"fsta";7,61052360822503;0,840182794369933;1,29956864720732;-1,91472868273007;0,828629999749421;5,92093542953879;"1.07582430490805e-05      .";"16 x 40";"5 NA";"follistatin a [Source:ZFIN;Acc:ZDB-GENE-990714-11]"
"ENSDARG00000098644";218;"ENSDARG00000098644";"si:ch211-126j24.1";9,09847705182321;0,676696332808015;1,29842868317666;-0,771537584836381;0,886571360383839;7,66612168916682;"4.79910638007119e-07      .";"16 x 39";"22 NA";"si:ch211-126j24.1 [Source:ZFIN;Acc:ZDB-GENE-050208-133]"
"ENSDARG00000092467";219;"ENSDARG00000092467";"";11,2389192411567;0,661949220630302;1,28691217216938;-1,03345662076049;0,812886226164903;5,58279399182301;"2.06140942200506e-05      .";"15 x 38";"10 NA";"si:ch73-46j18.5 [Source:ZFIN;Acc:ZDB-GENE-030131-7892]"
"ENSDARG00000006420";220;"ENSDARG00000006420";"atrnl1b";9,99861034087679;0,78921022504814;1,28656748047645;-0,925645652533365;0,92405778805883;9,66959859235766;"2.18743356761308e-08      .";"13 x 38";"12 NA";"attractin-like 1b [Source:ZFIN;Acc:ZDB-GENE-030131-8092]"
"ENSDARG00000044074";221;"ENSDARG00000044074";"loxl2b";8,83755911499375;0,861435817265941;1,28457306278063;-1,7523593816065;0,885050100540054;7,60522558496977;"5.31240736956207e-07      .";"14 x 39";"5 NA";"lysyl oxidase-like 2b [Source:ZFIN;Acc:ZDB-GENE-050208-29]"
"ENSDARG00000058690";222;"ENSDARG00000058690";"cgnb";5,67347215090615;1,01628697100645;1,28435949121955;-1,76114804793414;0,581019964842528;2,85552328269604;"0.00572466968692831      .";"17 x 40";"19 NA";"cingulin b [Source:ZFIN;Acc:ZDB-GENE-050208-72]"
"ENSDARG00000102458";223;"ENSDARG00000102458";"hip1rb";7,33732610769592;0,860228975288378;1,28178368958885;-1,87414686754798;0,708110412405936;4,01137903449961;"0.000503815819291265      .";"15 x 39";"5 NA";"huntingtin interacting protein 1 related b [Source:ZFIN;Acc:ZDB-GENE-070209-59]"
"ENSDARG00000093799";224;"ENSDARG00000093799";"setbp1";9,67197358448423;0,749817155528448;1,27627084678146;-1,12447223255393;0,884666087676962;7,59003276623116;"5.44921999079406e-07      .";"15 x 40";"5 NA";"SET binding protein 1 [Source:ZFIN;Acc:ZDB-GENE-060526-72]"
"ENSDARG00000074184";225;"ENSDARG00000074184";"arhgap32b";9,73574781934166;0,720868118703305;1,27320152866605;-0,856547105849412;0,903162688495761;8,41524297235305;"1.42936781077907e-07      .";"16 x 40";"21 NA";"Rho GTPase activating protein 32b [Source:ZFIN;Acc:ZDB-GENE-091204-147]"
"ENSDARG00000032653";226;"ENSDARG00000032653";"fam60a";6,68365808227551;0,830042071850659;1,27170093864759;-1,69827654090256;0,687473555721748;3,78664084652605;"0.000808847338873875      .";"16 x 38";"4 NA";"family with sequence similarity 60, member A [Source:ZFIN;Acc:ZDB-GENE-041210-166]"
"ENSDARG00000059680";227;"ENSDARG00000059680";"fscn1a";10,9378530162244;0,783957834153244;1,26735170871522;-1,51819466658859;0,847691724363364;6,39177424143625;"4.46296129097412e-06      .";"14 x 39";"3 NA";"fascin actin-bundling protein 1a [Source:ZFIN;Acc:ZDB-GENE-031009-1]"
"ENSDARG00000013892";228;"ENSDARG00000013892";"sorl1";9,55686995923766;0,682006148171967;1,2669636215726;-0,782986560816948;0,871647593049893;7,11355801704152;"1.22856948969741e-06      .";"15 x 37";"15 NA";"sortilin-related receptor, L(DLR class) A repeats containing [Source:ZFIN;Acc:ZDB-GENE-050208-22]"
"ENSDARG00000059707";229;"ENSDARG00000059707";"si:ch211-216l23.1";10,5406248183418;0,74228309110204;1,2636884440125;-1,25872210154731;0,901541628249253;8,33425017465692;"1.6238355649012e-07      .";"15 x 39";"18 NA";"si:ch211-216l23.1 [Source:ZFIN;Acc:ZDB-GENE-060503-121]"
"ENSDARG00000028676";230;"ENSDARG00000028676";"nuak1b";10,2749841494847;0,782675399561224;1,26366752407753;-1,99699149853303;0,774233772206413;4,89324762005907;"8.12057944526989e-05      .";"14 x 38";"25 NA";"NUAK family, SNF1-like kinase, 1b [Source:ZFIN;Acc:ZDB-GENE-131120-18]"
"ENSDARG00000000606";231;"ENSDARG00000000606";"dnah6";5,95340625726248;0,77441440567183;1,26283850928902;-1,79124490577997;0,631372848158113;3,25668397689352;"0.00247544050503434      .";"17 x 39";"1 NA";"dynein, axonemal, heavy chain 6 [Source:ZFIN;Acc:ZDB-GENE-030616-623]"
"ENSDARG00000035952";232;"ENSDARG00000035952";"cdr2a";6,04934515617912;0,878924555067875;1,26167270994712;-1,99144266201349;0,65481712469354;3,46561564555069;"0.0015933745031409      .";"16 x 39";"3 NA";"cerebellar degeneration-related protein 2a [Source:ZFIN;Acc:ZDB-GENE-101203-5]"
"ENSDARG00000035578";233;"ENSDARG00000035578";"hs3st1l2";4,86852994858064;0,81760264169931;1,25918613455732;-1,21825213240717;0,788133781582105;5,12187615055092;"5.12175721067987e-05      .";"17 x 40";"5 NA";"heparan sulfate (glucosamine) 3-O-sulfotransferase 1-like 2 [Source:ZFIN;Acc:ZDB-GENE-070202-3]"
"ENSDARG00000040644";234;"ENSDARG00000040644";"pxylp1";6,72215565870131;0,959228653067018;1,25867496881945;-2,88122053677041;0,668968990378178;3,60004148240656;"0.0011995013856132      .";"15 x 39";"15 NA";"2-phosphoxylose phosphatase 1 [Source:ZFIN;Acc:ZDB-GENE-040718-127]"
"ENSDARG00000074229";235;"ENSDARG00000074229";"prr12a";11,7508740796968;0,692044131159873;1,25802745996027;-1,08719569299244;0,82931766585476;5,93665836062903;"1.04416755528636e-05      .";"14 x 37";"12 NA";"proline rich 12a [Source:ZFIN;Acc:ZDB-GENE-041111-223]"
"ENSDARG00000042236";236;"ENSDARG00000042236";"atrx";12,3067990664114;0,61591399503786;1,25779689824803;-1,05224068639051;0,789604086765583;5,14721426870809;"4.86851392045295e-05      .";"15 x 37";"14 NA";"alpha thalassemia/mental retardation syndrome X-linked homolog (human) [Source:ZFIN;Acc:ZDB-GENE-030912-11]"
"ENSDARG00000009899";237;"ENSDARG00000009899";"znf385a";5,81621756029771;0,829446131045441;1,25297679373228;-1,63297608152337;0,840916697214247;6,21560774750757;"6.18098943727663e-06      .";"14 x 39";"23 NA";"zinc finger protein 385A [Source:ZFIN;Acc:ZDB-GENE-090313-255]"
"ENSDARG00000099390";238;"ENSDARG00000099390";"";6,84152780898713;1,05906062885239;1,25185914361335;-2,79986460004186;0,683709702005443;3,74761692457574;"0.000878287689129564      .";"13 x 39";"20 NA";"laminin, alpha 2 [Source:ZFIN;Acc:ZDB-GENE-060119-1]"
"ENSDARG00000068036";239;"ENSDARG00000068036";"tmem119b";7,16709671940886;0,937374865261494;1,25074640366626;-1,70098479852543;0,820620523752775;5,74389209854274;"1.50935583743683e-05      .";"15 x 40";"5 NA";"transmembrane protein 119b [Source:ZFIN;Acc:ZDB-GENE-070410-49]"
"ENSDARG00000103361";240;"ENSDARG00000103361";"tshz3b";9,62912877754694;0,749745724341308;1,2467538629254;-1,10652410504824;0,906070880057787;8,56549595664827;"1.13055860229139e-07      .";"13 x 38";"7 NA";"teashirt zinc finger homeobox 3b [Source:ZFIN;Acc:ZDB-GENE-100319-2]"
"ENSDARG00000034670";241;"ENSDARG00000034670";"ube2e2";8,63570706642895;0,609233708522977;1,24021005210505;-0,78949251547077;0,878690516902518;7,36242583589797;"8.00483631824278e-07      .";"17 x 39";"16 NA";"ubiquitin-conjugating enzyme E2E 2 [Source:ZFIN;Acc:ZDB-GENE-040801-237]"
"ENSDARG00000029761";242;"ENSDARG00000029761";"mpp6b";7,76258102431388;0,686009899946839;1,23649112376264;-1,03943002460598;0,843267708420507;6,27555315089374;"5.52998511293978e-06      .";"15 x 38";"19 NA";"membrane protein, palmitoylated 6b (MAGUK p55 subfamily member 6) [Source:ZFIN;Acc:ZDB-GENE-040426-775]"
"ENSDARG00000056831";243;"ENSDARG00000056831";"gng2";7,88853764094624;0,718121381461985;1,23635490920949;-1,33172107655092;0,768047122083239;4,79734616227362;"9.86960251782021e-05      .";"15 x 38";"13 NA";"guanine nucleotide binding protein (G protein), gamma 2 [Source:ZFIN;Acc:ZDB-GENE-050417-59]"
"ENSDARG00000060808";244;"ENSDARG00000060808";"";8,51187994753939;1,08336655932553;1,22972203122172;-3,34630763767421;0,81441413290258;5,61389948790901;"1.94048825110649e-05      .";"15 x 40";"15 NA";"MDS1 and EVI1 complex locus [Source:ZFIN;Acc:ZDB-GENE-050208-123]"
"ENSDARG00000078163";245;"ENSDARG00000078163";"";5,35961018247964;0,75784479401529;1,22952129713376;-1,12161880243447;0,744123482262354;4,45554844993214;"0.000199286919453145      .";"17 x 40";"13 NA";"heparanase 2 [Source:ZFIN;Acc:ZDB-GENE-090313-378]"
"ENSDARG00000013575";246;"ENSDARG00000013575";"rfx2";8,06352399911693;0,678567698887738;1,2271205458321;-1,47555014907937;0,806350277115444;5,45348729783861;"2.65388241016407e-05      .";"16 x 38";"8 NA";"regulatory factor X, 2 (influences HLA class II expression) [Source:ZFIN;Acc:ZDB-GENE-050227-4]"
"ENSDARG00000031618";247;"ENSDARG00000031618";"unm_sa1261";7,06798512622749;0,749444406933455;1,21858181338724;-1,86637722320909;0,823834612065978;5,81362489047466;"1.32024787892204e-05      .";"16 x 39";"3 NA";"un-named sa1261 [Source:ZFIN;Acc:ZDB-GENE-120411-10]"
"ENSDARG00000029146";248;"ENSDARG00000029146";"lrp1ab";12,124046980926;0,784568315438645;1,21635742795273;-1,14275377680459;0,784910937907688;5,06714035600085;"5.71616045573764e-05      .";"15 x 37";"23 NA";"low density lipoprotein receptor-related protein 1Ab [Source:ZFIN;Acc:ZDB-GENE-030131-7126]"
"ENSDARG00000036096";249;"ENSDARG00000036096";"smad3a";8,38822616325244;0,813501436669829;1,21314121610794;-1,57509517838921;0,82546908846998;5,84975107684775;"1.23210494746839e-05      .";"15 x 38";"7 NA";"SMAD family member 3a [Source:ZFIN;Acc:ZDB-GENE-000509-3]"
"ENSDARG00000010137";250;"ENSDARG00000010137";"ldb1b";10,3995605300264;0,606202967722505;1,21221730683575;-0,816484128624207;0,896672003209989;8,10192986926242;"2.35181074836888e-07      .";"16 x 38";"13 NA";"LIM domain binding 1a [Source:ZFIN;Acc:ZDB-GENE-990415-138]"
"ENSDARG00000031387";251;"ENSDARG00000031387";"cers4a";5,13881188290806;0,668769485696433;1,21187678590251;-1,10053526929412;0,826984316509358;5,88365391140051;"1.15493002632583e-05      .";"16 x 38";"22 NA";"ceramide synthase 4a [Source:ZFIN;Acc:ZDB-GENE-020808-1]"
"ENSDARG00000016763";252;"ENSDARG00000016763";"znf292a";10,1983450968481;0,753479658110871;1,20915352003061;-1,2105156534745;0,88016305159332;7,41702934159579;"7.29479311400993e-07      .";"15 x 40";"17 NA";"zinc finger protein 292a [Source:ZFIN;Acc:ZDB-GENE-071004-18]"
"ENSDARG00000015016";253;"ENSDARG00000015016";"kif26ab";9,37125754405841;0,84981498983598;1,20898994552515;-1,30527347979935;0,856541892524728;6,63886251170975;"2.84682416840099e-06      .";"14 x 39";"17 NA";"kinesin family member 26Ab [Source:ZFIN;Acc:ZDB-GENE-100716-6]"
"ENSDARG00000070981";254;"ENSDARG00000070981";"ash1l";11,4202136715471;0,624537589806429;1,20886992115828;-0,602486078867637;0,896367563752059;8,08792305329009;"2.40543956975259e-07      .";"15 x 37";"19 NA";"ash1 (absent, small, or homeotic)-like (Drosophila) [Source:ZFIN;Acc:ZDB-GENE-030131-6101]"
"ENSDARG00000039935";255;"ENSDARG00000039935";"";6,18356611809371;0,879842233190644;1,20646326866277;-1,98049650941821;0,764504652379825;4,74392215845029;"0.000110071064212458      .";"15 x 40";"3 NA";""
"ENSDARG00000060297";256;"ENSDARG00000060297";"arhgap35b";10,157876021424;0,61824739125596;1,20171536445346;-1,07193811641315;0,800918390998903;5,35039283618181;"3.251025118578e-05      .";"15 x 37";"5 NA";"Rho GTPase activating protein 35b [Source:ZFIN;Acc:ZDB-GENE-060526-44]"
"ENSDARG00000017244";257;"ENSDARG00000017244";"chd6";10,8846792814544;0,646033571260551;1,20169531002169;-1,0009209753706;0,906564946173999;8,591681947641;"1.08558521061397e-07      .";"14 x 37";"6 NA";"chromodomain helicase DNA binding protein 6 [Source:ZFIN;Acc:ZDB-GENE-130530-559]"
"ENSDARG00000002937";258;"ENSDARG00000002937";"meis1a";8,84502183831671;0,934373178931224;1,19948185650118;-2,44343628050515;0,820633482997898;5,74416986041514;"1.50854931841859e-05      .";"16 x 40";"1 NA";"Meis homeobox 1 a [Source:ZFIN;Acc:ZDB-GENE-020122-3]"
"ENSDARG00000040912";259;"ENSDARG00000040912";"kdelr3";7,05954082329129;0,812117534244749;1,19361595127369;-1,70396485696122;0,761183041180954;4,69476940748835;"0.00012172251665854      .";"16 x 40";"3 NA";"KDEL (Lys-Asp-Glu-Leu) endoplasmic reticulum protein retention receptor 3 [Source:ZFIN;Acc:ZDB-GENE-040426-1387]"
"ENSDARG00000059438";260;"ENSDARG00000059438";"galnt18b";5,43232084467562;0,768951993289672;1,19253608283165;-1,04722551065808;0,883277005608515;7,53566535216828;"5.96979352951443e-07      .";"15 x 39";"7 NA";"UDP-N-acetyl-alpha-D-galactosamine:polypeptide N-acetylgalactosaminyltransferase 18b [Source:ZFIN;Acc:ZDB-GENE-091014-1]"
"ENSDARG00000100308";261;"ENSDARG00000100308";"";7,46045705813864;0,81421258221778;1,19084663605525;-1,45721984799538;0,776260978652614;4,92542252433709;"7.60786365208155e-05      .";"15 x 40";"7 NA";"ssemaphorin 4F [Source:HGNC Symbol;Acc:HGNC:10734]"
"ENSDARG00000037030";262;"ENSDARG00000037030";"casz1";9,68295343236967;0,910936211235616;1,1836118935187;-2,00572673540027;0,692680018729897;3,84157944118762;"0.00072033881602418      .";"15 x 38";"23 NA";"castor zinc finger 1 [Source:ZFIN;Acc:ZDB-GENE-060130-108]"
"ENSDARG00000100263";263;"ENSDARG00000100263";"si:ch211-161c3.5";5,0164209616703;0,735425408177292;1,17926295203189;-1,19319562272631;0,759099810698327;4,66439222627406;"0.000129547542363051      .";"14 x 37";"6 NA";"si:ch211-161c3.5 [Source:ZFIN;Acc:ZDB-GENE-131127-409]"
"ENSDARG00000014673";264;"ENSDARG00000014673";"fzd9b";8,19400596654947;0,763850391653963;1,17507287310892;-1,61475183347692;0,762431644424285;4,71314138346175;"0.000117226424192651      .";"17 x 39";"18 NA";"frizzled class receptor 9b [Source:ZFIN;Acc:ZDB-GENE-000906-4]"
"ENSDARG00000013031";265;"ENSDARG00000013031";"mta2";10,7905196502389;0,65946161090174;1,17127264108636;-1,06577573415356;0,904003421036401;8,45801254501762;"1.33669038837603e-07      .";"16 x 39";"7 NA";"metastasis associated 1 family, member 2 [Source:ZFIN;Acc:ZDB-GENE-030131-4803]"
"ENSDARG00000018693";266;"ENSDARG00000018693";"cdh2";11,7614577327933;0,841946719617009;1,16789110377683;-1,55977581643907;0,921344074248179;9,48011361502128;"2.87166712631404e-08      .";"13 x 40";"20 NA";"cadherin 2, type 1, N-cadherin (neuronal) [Source:ZFIN;Acc:ZDB-GENE-990415-171]"
"ENSDARG00000091398";267;"ENSDARG00000091398";"";7,15600998490176;0,963074488562436;1,16659408129544;-2,81326842981701;0,70359124919246;3,96051999181822;"0.000560690622434024      .";"16 x 40";"13 NA";""
"ENSDARG00000070832";268;"ENSDARG00000070832";"snrka";8,75477411683399;0,62049556101104;1,16571848209489;-0,889232429266277;0,886679046405759;7,67047596716356;"4.76445156438743e-07      .";"14 x 37";"16 NA";"SNF related kinase a [Source:ZFIN;Acc:ZDB-GENE-040718-84]"
"ENSDARG00000005343";269;"ENSDARG00000005343";"ccdc85al";5,03967728245144;0,725337133480106;1,16452000896829;-1,14608348229997;0,815941066225411;5,64533160134981;"1.82573503343386e-05      .";"16 x 39";"6 NA";"coiled-coil domain containing 85A, like [Source:ZFIN;Acc:ZDB-GENE-040912-92]"
"ENSDARG00000029463";270;"ENSDARG00000029463";"asap1a";10,4433421789044;0,611529253320273;1,15923561540229;-0,959806930313984;0,856542243347662;6,6388727211969;"2.84677177431192e-06      .";"14 x 37";"2 NA";"ArfGAP with SH3 domain, ankyrin repeat and PH domain 1a [Source:ZFIN;Acc:ZDB-GENE-070912-129]"
"ENSDARG00000104574";271;"ENSDARG00000104574";"";7,04027629918351;0,667845008336735;1,15756630708499;-1,13399502301259;0,746745861355021;4,49096508385515;"0.000185198607724035      .";"17 x 39";"7 NA";"proprotein convertase subtilisin/kexin type 6 [Source:ZFIN;Acc:ZDB-GENE-100908-1]"
"ENSDARG00000063255";272;"ENSDARG00000063255";"btbd11a";7,45127109998942;0,717396484103999;1,15568675904732;-1,22829582899321;0,823371398894578;5,80346920859384;"1.34618513167872e-05      .";"16 x 40";"4 NA";"BTB (POZ) domain containing 11a [Source:ZFIN;Acc:ZDB-GENE-050419-142]"
"ENSDARG00000007960";273;"ENSDARG00000007960";"hnrnpaba";11,2353832938712;0,633218524206931;1,14906177154189;-0,919022136583992;0,892567091877587;7,91783694668008;"3.16928319810117e-07      .";"16 x 39";"14 NA";"heterogeneous nuclear ribonucleoprotein A/Ba [Source:ZFIN;Acc:ZDB-GENE-030131-185]"
"ENSDARG00000060549";274;"ENSDARG00000060549";"";5,21738181116466;0,744179483638152;1,1403040312414;-1,11470668225821;0,77880845048623;4,96640107273175;"7.0026168519588e-05      .";"15 x 37";"15 NA";"endothelin converting enzyme-like 1 [Source:ZFIN;Acc:ZDB-GENE-130530-692]"
"ENSDARG00000103919";275;"ENSDARG00000103919";"si:ch73-1a9.3";12,1165465723623;0,70167048850383;1,13269341568241;-0,810659937868005;0,888691007973168;7,75291809443548;"4.15549060939213e-07      .";"16 x 40";"10 NA";"si:ch73-1a9.3 [Source:ZFIN;Acc:ZDB-GENE-141216-84]"
"ENSDARG00000027423";276;"ENSDARG00000027423";"igf1ra";9,77477947584814;0,7021566979013;1,1323395493732;-1,20059403906036;0,903448388788942;8,42971755566742;"1.39726996306599e-07      .";"16 x 40";"18 NA";"insulin-like growth factor 1a receptor [Source:ZFIN;Acc:ZDB-GENE-020503-1]"
"ENSDARG00000007941";277;"ENSDARG00000007941";"hmx4";5,85522603690146;0,784294052817764;1,12882410043597;-1,5825424100733;0,767291727829;4,78586533563993;"0.000101034431150948      .";"15 x 39";"1 NA";"H6 family homeobox 4 [Source:ZFIN;Acc:ZDB-GENE-060825-142]"
"ENSDARG00000070959";278;"ENSDARG00000070959";"si:ch211-288g17.3";11,3927716591983;0,703901680871224;1,128603613956;-0,96413331904764;0,903521387839218;8,43342572972711;"1.38916932068689e-07      .";"17 x 40";"19 NA";"si:ch211-288g17.3 [Source:ZFIN;Acc:ZDB-GENE-030131-461]"
"ENSDARG00000102153";279;"ENSDARG00000102153";"nrp1a";10,7505940049278;0,750840979486665;1,12582849372255;-1,19304198833777;0,840123427935149;6,19565456268416;"6.41495431619177e-06      .";"14 x 38";"24 NA";"neuropilin 1a [Source:ZFIN;Acc:ZDB-GENE-030519-2]"
"ENSDARG00000092503";280;"ENSDARG00000092503";"arid1b";9,98664366865235;0,569539433683485;1,12352653785701;-0,753039272361745;0,865952608369769;6,92587465774108;"1.70649344921614e-06      .";"15 x 37";"20 NA";"AT rich interactive domain 1B (SWI1-like) [Source:ZFIN;Acc:ZDB-GENE-030131-4459]"
"ENSDARG00000076796";281;"ENSDARG00000076796";"dlg3";9,79147332095772;0,620136237453978;1,12351745565546;-0,841837408336046;0,838734537692029;6,16104411421778;"6.84286539187617e-06      .";"15 x 38";"14 NA";"discs, large homolog 3 (Drosophila) [Source:ZFIN;Acc:ZDB-GENE-050208-93]"
"ENSDARG00000010132";282;"ENSDARG00000010132";"dacha";8,70208679487365;0,708105341087844;1,11589421560339;-1,21141880491097;0,859854343331136;6,73683006638783;"2.38752114567475e-06      .";"16 x 39";"21 NA";"dachshund a [Source:ZFIN;Acc:ZDB-GENE-020402-3]"
"ENSDARG00000034434";283;"ENSDARG00000034434";"igf1rb";9,29408294753091;0,692303698427001;1,11199638701643;-1,10942667723921;0,935770280464613;10,6153499941441;"5.94634341766209e-09      .";"15 x 38";"7 NA";"insulin-like growth factor 1b receptor [Source:ZFIN;Acc:ZDB-GENE-020503-2]"
"ENSDARG00000101210";284;"ENSDARG00000101210";"";7,80107280470783;0,805496437823704;1,11177311135995;-1,62613169002833;0,654484059387075;3,46253144993019;"0.00160378504890812      .";"14 x 38";"18 NA";"golgi glycoprotein 1b [Source:ZFIN;Acc:ZDB-GENE-060825-255]"
"ENSDARG00000036593";285;"ENSDARG00000036593";"kdm2ba";9,23203865574233;0,574553684784998;1,11153295634511;-1,23702192744935;0,828065061086133;5,9080826002367;"1.10244123974201e-05      .";"16 x 38";"8 NA";"lysine (K)-specific demethylase 2Ba [Source:ZFIN;Acc:ZDB-GENE-040426-2195]"
"ENSDARG00000097055";286;"ENSDARG00000097055";"si:ch211-284f22.3";8,03373827951776;0,72258676701204;1,10211473839792;-1,04265897651751;0,869606282010753;7,04497158913037;"1.38455154863326e-06      .";"16 x 40";"5 NA";"si:ch211-284f22.3 [Source:ZFIN;Acc:ZDB-GENE-060526-166]"
"ENSDARG00000018010";287;"ENSDARG00000018010";"crtap";8,03372717239943;0,712047046379692;1,09746323496859;-1,19030593110713;0,803929348521023;5,4070678178734;"2.90733540513344e-05      .";"17 x 40";"19 NA";"cartilage associated protein [Source:ZFIN;Acc:ZDB-GENE-040426-2619]"
"ENSDARG00000101949";288;"ENSDARG00000101949";"numbl";6,70119867523634;0,675035008767454;1,09582592038984;-1,03691838373972;0,754864122395512;4,60366368296687;"0.000146770748547076      .";"14 x 37";"15 NA";"numb homolog (Drosophila)-like [Source:ZFIN;Acc:ZDB-GENE-051113-340]"
"ENSDARG00000003872";289;"ENSDARG00000003872";"ccdc102a";8,19202501298602;0,730448306061936;1,09098411827312;-1,32168266776168;0,916145292196122;9,14210915425165;"4.71233578824837e-08      .";"15 x 40";"7 NA";"coiled-coil domain containing 102A [Source:ZFIN;Acc:ZDB-GENE-030131-4044]"
"ENSDARG00000035563";290;"ENSDARG00000035563";"znf703";9,39616499751188;0,689002155694879;1,09056129159841;-1,13493616303748;0,798155029624159;5,29937574888393;"3.59625143510067e-05      .";"17 x 39";"5 NA";"zinc finger protein 703 [Source:ZFIN;Acc:ZDB-GENE-010717-1]"
"ENSDARG00000004672";291;"ENSDARG00000004672";"ptk2ab";8,8450769901302;0,622895074484726;1,08190869878532;-1,35940698822768;0,835968708603304;6,09332051869364;"7.76816865055707e-06      .";"14 x 37";"16 NA";"protein tyrosine kinase 2ab [Source:ZFIN;Acc:ZDB-GENE-020114-1]"
"ENSDARG00000061735";292;"ENSDARG00000061735";"hnrnpm";9,86209568574703;0,614338304703559;1,07796094437306;-0,900082145768007;0,849813559389676;6,44917714120564;"4.01731687793561e-06      .";"14 x 37";"22 NA";"heterogeneous nuclear ribonucleoprotein M [Source:ZFIN;Acc:ZDB-GENE-030131-6898]"
"ENSDARG00000055284";293;"ENSDARG00000055284";"afap1";8,9231844012478;0,819433648275152;1,07696049649568;-1,93713773195938;0,821707416089466;5,7672827678025;"1.44297762820766e-05      .";"15 x 39";"12 NA";"actin filament associated protein 1 [Source:ZFIN;Acc:ZDB-GENE-100316-6]"
"ENSDARG00000059244";294;"ENSDARG00000059244";"arfip2a";6,50795753996725;0,86316696421971;1,07637316634835;-2,46584013779553;0,664104287426549;3,55307009519024;"0.00132463631476376      .";"17 x 40";"15 NA";"ADP-ribosylation factor interacting protein 2a [Source:ZFIN;Acc:ZDB-GENE-041010-221]"
"ENSDARG00000000175";295;"ENSDARG00000000175";"hoxb2a";6,41619589115829;0,649566138098756;1,07475108735038;-1,44759621603794;0,802672829739128;5,38327608279944;"3.04680273242042e-05      .";"17 x 39";"3 NA";"homeobox B2a [Source:ZFIN;Acc:ZDB-GENE-990415-103]"
"ENSDARG00000052182";296;"ENSDARG00000052182";"rbfox2";9,93417345586276;0,602284663293884;1,07366096096357;-1,18051276996212;0,747160661715918;4,49661024347669;"0.000183048781613682      .";"15 x 37";"6 NA";"RNA binding protein, fox-1 homolog (C. elegans) 2 [Source:ZFIN;Acc:ZDB-GENE-040426-2464]"
"ENSDARG00000086808";297;"ENSDARG00000086808";"ddhd1a";7,48745248626964;0,759029904244222;1,0701109439491;-1,7132335725099;0,772748347810518;4,86991080763873;"8.5145493901928e-05      .";"16 x 40";"17 NA";"DDHD domain containing 1a [Source:ZFIN;Acc:ZDB-GENE-111020-16]"
"ENSDARG00000103847";298;"ENSDARG00000103847";"";4,60985488696704;0,68158594168093;1,06859461903031;-0,88656111498453;0,84048482288321;6,20472790794874;"6.30744232821279e-06      .";"16 x 38";"3 NA";""
"ENSDARG00000005754";299;"ENSDARG00000005754";"ptprfb";10,534066924798;0,837954220045116;1,06851086950872;-1,56226127468809;0,880515353263392;7,4302329640714;"7.13319897704956e-07      .";"14 x 40";"2 NA";"protein tyrosine phosphatase, receptor type, f, b [Source:ZFIN;Acc:ZDB-GENE-060503-530]"
"ENSDARG00000079572";300;"ENSDARG00000079572";"plcd3b";7,18302429404613;1,16342063038317;1,0645564940259;-3,5370805166706;0,676826217192922;3,67768963379476;"0.00101803982827064      .";"15 x 40";"12 NA";"phospholipase C, delta 3b [Source:ZFIN;Acc:ZDB-GENE-081222-2]"
"ENSDARG00000060941";301;"ENSDARG00000060941";"";5,87980182723946;0,736157732326478;1,06410317294929;-1,5491039046721;0,717148227033606;4,11609675398979;"0.000404396407018615      .";"16 x 38";"12 NA";"si:ch211-277e21.2 [Source:ZFIN;Acc:ZDB-GENE-130603-21]"
"ENSDARG00000093535";302;"ENSDARG00000093535";"";8,18222063216704;0,638038470744913;1,06054329610225;-1,08175301901552;0,87159797353021;7,11187281049224;"1.23217349323745e-06      .";"15 x 38";"10 NA";""
"ENSDARG00000071224";303;"ENSDARG00000071224";"si:ch211-133n4.4";8,47987263296468;0,727979883995893;1,05533034824006;-1,29038952806984;0,850103354121365;6,45710380539899;"3.95952112919318e-06      .";"15 x 39";"19 NA";"si:ch211-133n4.4 [Source:ZFIN;Acc:ZDB-GENE-030131-898]"
"ENSDARG00000036501";304;"ENSDARG00000036501";"rab39bb";6,60322057473826;0,571389566647372;1,05405296507453;-1,03524320778314;0,83947844905367;6,17953102733481;"6.61073039820437e-06      .";"15 x 37";"7 NA";"RAB39B, member RAS oncogene family b [Source:ZFIN;Acc:ZDB-GENE-061215-104]"
"ENSDARG00000100854";305;"ENSDARG00000100854";"ago4";10,206547692994;0,538102580990705;1,0523763382954;-0,746298231399154;0,881585828456261;7,47069032517831;"6.66096494517099e-07      .";"15 x 37";"19 NA";"argonaute RISC catalytic component 4 [Source:ZFIN;Acc:ZDB-GENE-030131-5357]"
"ENSDARG00000061904";306;"ENSDARG00000061904";"fhod3b";8,89965712873903;0,620779219472037;1,05010715616875;-1,19647442482349;0,838833386773322;6,16349387809236;"6.81162373039612e-06      .";"15 x 37";"16 NA";"formin homology 2 domain containing 3b [Source:ZFIN;Acc:ZDB-GENE-081028-61]"
"ENSDARG00000074502";307;"ENSDARG00000074502";"zmiz1a";10,0426972892301;0,683303799577366;1,04891767837203;-1,02267041985456;0,853749711514437;6,55868310002122;"3.29097320250771e-06      .";"14 x 37";"13 NA";"zinc finger, MIZ-type containing 1a [Source:ZFIN;Acc:ZDB-GENE-080220-27]"
"ENSDARG00000060127";308;"ENSDARG00000060127";"adamts3";8,55767101801958;0,757935900893347;1,04708190342608;-1,28994929352513;0,791533670596485;5,18082518083903;"4.55234018317263e-05      .";"17 x 40";"5 NA";"ADAM metallopeptidase with thrombospondin type 1 motif, 3 [Source:ZFIN;Acc:ZDB-GENE-110223-1]"
"ENSDARG00000020345";309;"ENSDARG00000020345";"clasp2";11,0001239582866;0,567953072305682;1,03411279185371;-0,687496686011862;0,868349010545978;7,00346944371875;"1.48886085715727e-06      .";"14 x 37";"19 NA";"cytoplasmic linker associated protein 2 [Source:ZFIN;Acc:ZDB-GENE-040426-2343]"
"ENSDARG00000076689";310;"ENSDARG00000076689";"gramd1a";9,24925423405844;0,684624621316071;1,03375473772257;-1,51754459214769;0,869039665392761;7,02619896026745;"1.43075506664481e-06      .";"15 x 38";"16 NA";"GRAM domain containing 1A [Source:ZFIN;Acc:ZDB-GENE-060503-688]"
"ENSDARG00000059202";311;"ENSDARG00000059202";"tspan2b";5,20124195068836;0,688899474184171;1,0220236762815;-1,20836475161998;0,754398745681999;4,59707410497781;"0.00014877535423341      .";"17 x 39";"23 NA";"tetraspanin 2b [Source:ZFIN;Acc:ZDB-GENE-100922-60]"
"ENSDARG00000062401";312;"ENSDARG00000062401";"znf319b";9,41002001616729;0,576258584581427;1,01404017181218;-0,843388672623382;0,869160027736362;7,03017720680421;"1.42083102949719e-06      .";"16 x 38";"25 NA";"zinc finger protein 319b [Source:ZFIN;Acc:ZDB-GENE-090406-2]"
"ENSDARG00000076473";313;"ENSDARG00000076473";"trim37";7,95983304504797;0,544852086910471;1,01341733695315;-0,880888556166608;0,857447855662867;6,66534321665251;"2.71424951503452e-06      .";"15 x 37";"10 NA";"tripartite motif containing 37 [Source:ZFIN;Acc:ZDB-GENE-030131-2957]"
"ENSDARG00000061590";314;"ENSDARG00000061590";"cachd1";10,3204909820003;0,637280966308034;1,00367306651312;-1,05669359915613;0,891836964708954;7,88613439119931;"3.33780810879425e-07      .";"17 x 39";"6 NA";"cache domain containing 1 [Source:ZFIN;Acc:ZDB-GENE-100819-3]"
"ENSDARG00000042151";315;"ENSDARG00000042151";"skia";10,2137052828006;0,611632733878993;1,00272560420706;-1,2465929344593;0,827627801418929;5,89817391116857;"1.12342687106359e-05      .";"15 x 37";"8 NA";"v-ski avian sarcoma viral oncogene homolog a [Source:ZFIN;Acc:ZDB-GENE-990715-9]"
"ENSDARG00000055350";316;"ENSDARG00000055350";"sun1";10,332808988544;0,589217525985023;0,999611668083896;-0,884748428126414;0,899762973417277;8,24753773994493;"1.86312208105832e-07      .";"15 x 37";"3 NA";"Sad1 and UNC84 domain containing 1 [Source:ZFIN;Acc:ZDB-GENE-050522-551]"
"ENSDARG00000075343";317;"ENSDARG00000075343";"csf1a";5,92168224447204;0,927327038582356;0,988514348813071;-2,02870480946127;0,608486236506327;3,06710439992111;"0.00368517010649438      .";"17 x 40";"11 NA";"colony stimulating factor 1a (macrophage) [Source:ZFIN;Acc:ZDB-GENE-080204-107]"
"ENSDARG00000054420";318;"ENSDARG00000054420";"rpe65c";5,78637694112231;0,715913264026026;0,988395132535283;-0,9181969046791;0,760640006248598;4,68681800405732;"0.000123722803972881      .";"17 x 39";"8 NA";"retinal pigment epithelium-specific protein 65c [Source:ZFIN;Acc:ZDB-GENE-081104-505]"
"ENSDARG00000013596";319;"ENSDARG00000013596";"brd1a";9,01051251972523;0,684949591042188;0,985936675470416;-1,18587582658293;0,832254674459928;6,00479384442909;"9.17755155072086e-06      .";"14 x 38";"4 NA";"bromodomain containing 1a [Source:ZFIN;Acc:ZDB-GENE-041008-168]"
"ENSDARG00000069755";320;"ENSDARG00000069755";"mtmr11";8,3344348847511;0,622679474851021;0,985919762428713;-0,824796091278237;0,898115930757889;8,16916904497526;"2.11127543892076e-07      .";"15 x 37";"16 NA";"myotubularin related protein 11 [Source:ZFIN;Acc:ZDB-GENE-130530-726]"
"ENSDARG00000075545";321;"ENSDARG00000075545";"si:dkey-89b17.4";11,012280929303;0,551262241813373;0,983531165025669;-0,665328170577693;0,933298601339245;10,3959376843608;"7.98012522729152e-09      .";"16 x 38";"19 NA";"si:dkey-89b17.4 [Source:ZFIN;Acc:ZDB-GENE-030131-8215]"
"ENSDARG00000035161";322;"ENSDARG00000035161";"pkdcca";7,86305296232741;0,759216893858374;0,975379880750406;-1,71782174625412;0,824518737621641;5,8286903243023;"1.28272145725195e-05      .";"16 x 40";"13 NA";"protein kinase domain containing, cytoplasmic a [Source:ZFIN;Acc:ZDB-GENE-081107-30]"
"ENSDARG00000074033";323;"ENSDARG00000074033";"";4,60749417673303;0,696715560006464;0,970014625760179;-0,967046220030119;0,785409895164452;5,07554339401036;"5.62048604308973e-05      .";"17 x 40";"5 NA";"ADAMTS-like 2 [Source:ZFIN;Acc:ZDB-GENE-070705-558]"
"ENSDARG00000036094";324;"ENSDARG00000036094";"pias1a";7,42239668623275;0,693034682757487;0,94970560115406;-1,4353306390599;0,767652341974964;4,79134004763475;"9.99123433125249e-05      .";"16 x 39";"7 NA";"protein inhibitor of activated STAT, 1a [Source:ZFIN;Acc:ZDB-GENE-120727-5]"
"ENSDARG00000008034";325;"ENSDARG00000008034";"skib";9,17382543207392;0,696441826186473;0,943279031853404;-1,28900791323753;0,909622817382683;8,75826618278227;"8.40133997925818e-08      .";"17 x 40";"11 NA";"v-ski avian sarcoma viral oncogene homolog b [Source:ZFIN;Acc:ZDB-GENE-990715-10]"
"ENSDARG00000019299";326;"ENSDARG00000019299";"znf687b";9,31775849088521;0,553782039081509;0,934210146318435;-0,969708725217746;0,857869575835437;6,67774944290653;"2.65436753354997e-06      .";"15 x 37";"19 NA";"zinc finger protein 687b [Source:ZFIN;Acc:ZDB-GENE-041111-214]"
"ENSDARG00000001015";327;"ENSDARG00000001015";"znf384l";9,78955718175068;0,612605922529311;0,911690987902531;-0,845268130588794;0,900515638087025;8,2839623667081;"1.75838793525784e-07      .";"15 x 38";"19 NA";"zinc finger protein 384 like [Source:ZFIN;Acc:ZDB-GENE-030616-498]"
"ENSDARG00000074414";328;"ENSDARG00000074414";"sema4ba";7,52177714231947;0,627582973965478;0,883372179211144;-1,04849803883586;0,854344544192552;6,5755857857113;"3.19167812712351e-06      .";"16 x 39";"18 NA";"sema domain, immunoglobulin domain (Ig), transmembrane domain (TM) and short cytoplasmic domain, (semaphorin) 4Ba [Source:ZFIN;Acc:ZDB-GENE-070705-31]"
"ENSDARG00000105243";329;"ENSDARG00000105243";"ogt.1";11,0971870137327;0,60839307084927;0,87495185290506;-1,26004351633551;0,912334535912187;8,91287681598499;"6.64215231704901e-08      .";"16 x 39";"14 NA";"O-linked N-acetylglucosamine (GlcNAc) transferase, tandem duplicate 1 [Source:ZFIN;Acc:ZDB-GENE-030131-9631]"
"ENSDARG00000029263";330;"ENSDARG00000029263";"hoxb3a";8,95564261767983;0,617278128521467;0,873633079762159;-0,850308678355644;0,877645890288625;7,32425048819197;"8.54392878668619e-07      .";"16 x 38";"3 NA";"homeobox B3a [Source:ZFIN;Acc:ZDB-GENE-990415-104]"
